,name,avglabelcost,avgMAUC,avgGmeans,avgF1Score,avgPrecision,avgRecall,avgFPR,avgEvaluatTimeS,avgModelTimeH,avgCorrectRate,avgKappaStatistic,F1 Score for class 0 (percent),F1 Score for class 1 (percent),F1 Score for class 2 (percent),F1 Score for class 3 (percent),F1 Score for class 4 (percent),F1 Score for class 5 (percent),F1 Score for class 6 (percent),Precision for class 0 (percent),Precision for class 1 (percent),Precision for class 2 (percent),Precision for class 3 (percent),Precision for class 4 (percent),Precision for class 5 (percent),Precision for class 6 (percent),Recall for class 0 (percent),Recall for class 1 (percent),Recall for class 2 (percent),Recall for class 3 (percent),Recall for class 4 (percent),Recall for class 5 (percent),Recall for class 6 (percent),FalseAlarmRate for class0 (percent),FalseAlarmRate for class1 (percent),FalseAlarmRate for class2 (percent),FalseAlarmRate for class3 (percent),FalseAlarmRate for class4 (percent),FalseAlarmRate for class5 (percent),FalseAlarmRate for class6 (percent)
0,AL-FixedUncertainty-LB-b0.2-,0.20049878487879766,96.51570417347853,79.67455418769312,79.34424473417928,78.39138175797825,80.32225599630239,2.875157064027589,77.6953125,1.3382888192103968e-05,87.30101960028364,79.66452461751584,87.40946123517085,89.759465454616,84.40142050099574,74.41229424011502,63.47943545054717,69.32489133614064,85.11903670783967,88.96048537382671,89.23749113237493,80.24294485909572,72.00193402687272,58.566045706534496,76.87793609692123,82.85283511022192,85.9131419939577,90.28863293811177,89.02304637243385,77.05132872224245,69.31949857789951,63.13698393504923,87.52315943442224,6.1188009924913045,10.362532791868626,1.4381815580880977,0.14261627454540737,0.8152834813890703,0.585403933326828,0.6632804164837949
1,AL-VarUncertainty-LB-b0.2-,0.20068948661989766,97.44668566277794,78.37494108265305,78.22610333635758,77.31207866324306,79.16319580171225,3.1754388452036126,66.6953125,1.5025739897585789e-05,86.17670547252035,77.80309780052761,86.05402103079543,88.81910084915049,83.32081748308812,74.6295017934239,61.52439004756599,66.3143855064109,84.79346655946952,88.7848438237906,87.38429414019959,78.85956345682796,70.22092027547868,56.46324964355224,75.41336278032131,84.05831652253104,83.48649924471299,90.30232861867766,88.32186608491358,79.66508918820531,67.63509954703466,59.18638797719812,85.5450999512433,6.0519215975209395,12.405587969540932,1.5530446137424851,0.16058381537876235,0.8681076219688233,0.595126364999246,0.5936999332741006
2,AL-RandVarUncertainty-LB-b0.2-,0.20068914239292818,97.51818003382995,78.08703574875636,77.9359187642248,77.0112093743974,78.88483325052246,3.199795855518235,67.425,1.8689950879585618e-05,86.03104583037872,77.58139250353406,85.91415993053053,88.71961940902905,83.44058457843326,74.93890807263361,60.28901328910481,65.76317971409749,84.53158286878677,88.38775934966414,87.47177742492462,79.03340327382082,71.08054152030161,55.00533143365682,73.99312915703418,84.10652346137952,83.576708836858,90.00448286451513,88.37221010236617,79.3483800509647,66.73022226904035,59.19157021938158,84.97025841053144,6.301155017173566,12.268407952678938,1.5378224620271506,0.15437558904654441,0.9075113863231143,0.6413256571068668,0.5879729242714566
3,AL-SelSampling-LB-b0.2-,0.20066453016460933,97.47691997725205,78.83400374361894,78.51358943358625,77.49651203339519,79.5600365746478,3.0416981726873864,80.1671875,1.8273717817565837e-05,86.67387248456141,78.62258301113272,86.65929255666853,89.24973764145633,84.16553369706294,73.7837316367419,62.00791529697418,67.0634451154709,84.87892768769984,88.57958715590034,88.31929162299357,80.22313261751246,69.17000970646781,57.06811776893257,74.86523968533496,84.25020567662457,84.82104418429002,90.20052876622391,88.5235218437098,79.21368765926465,67.898451490572,60.7427880462947,85.52023403217943,6.27574680636668,11.352284598150556,1.4317258985654497,0.16921307704944963,0.8491581207273949,0.6286403676072705,0.5851183403449051
4,AL-FixedUncertainty-BOLE-b0.2-,0.20062821421932764,97.60656553556586,79.69265499076285,79.27498719634119,78.47233598545984,80.09510085978222,3.4950543661858537,100.6484375,2.2701447205488676e-05,84.68680509180534,75.5628168383806,83.97460290025926,86.78703788701429,85.2840566023531,78.57322403146665,63.30243343513935,72.19277294168143,84.01561157324242,83.30478723434541,87.91141843890735,82.66824663517755,79.42599129214801,58.62492587407822,76.29349201029478,81.07749041326744,84.65714690332325,85.69232018242083,88.0718241315657,77.75027302511832,68.80122195301803,68.51154488397535,87.18137493905412,9.73651847919127,11.21443278884556,1.210802959333013,0.09573465452690375,0.8069897938651207,0.6559625296064011,0.7449393579327103
5,AL-VarUncertainty-BOLE-b0.2-,0.20068948661989766,97.66258906929227,79.66364507235436,79.52700187143229,78.96136013057131,80.10144760093536,3.437152909449074,103.5734375,2.208774133921704e-05,84.95130909516499,75.97355775636962,84.22261668153098,87.04766563096538,85.66042621683799,78.89974417581618,63.9084256598004,72.35476739426018,83.92726690245102,83.55482732693486,88.11603371775786,82.75576567968011,80.22132213556986,60.436240881949594,76.57567413184368,81.06965704026308,84.90214312688822,86.00559122629288,88.77803882083124,77.63014197306154,67.81207205309175,68.58409627454367,86.99804973183814,9.589730532109694,11.03815445180057,1.2131321319448776,0.09103092872644894,0.7375957754685321,0.646878797824872,0.7435477482685164
6,AL-RandVarUncertainty-BOLE-b0.2-,0.20068897027944343,97.82332223506869,79.80191790893039,79.26405373015065,78.34806876918611,80.20286593874133,3.515297466062421,102.7921875,2.1748576969710282e-05,84.60861393568464,75.43790711599453,83.85092526434491,86.71784950425591,85.35231136092837,78.8460493439307,63.34012670259458,72.05001117250322,83.94602967437963,83.27334223077077,87.7848403453475,82.65579122110752,78.91264573723431,58.77317448289839,75.98333495751358,81.05335240943077,84.43863293051359,85.67756555748126,88.23208592045644,78.81689115398615,68.68324028231328,68.51557551678471,87.05607020965383,9.73383680235771,11.345734621831237,1.2141224888034656,0.10043838032735855,0.8004458294474899,0.6677075109333003,0.7447966287363827
7,AL-SelSampling-BOLE-b0.2-,0.20067795501641963,97.7438618454644,79.29440312311405,79.33783080330305,78.92373082543273,79.75788993665635,3.4952842481950923,115.1796875,2.4291179420995634e-05,84.75062477194963,75.6324957262018,84.00910850924524,86.809744768139,85.59485512730473,78.86226767649205,62.91200189212272,72.5313801227376,84.07220709047948,83.19057736777026,87.85862763969673,83.0183353811637,79.52259011578619,59.987017399590954,76.99029458812403,81.89867328589722,84.84629909365557,85.78684861684215,88.33892711305027,78.22715689843466,66.16348888654798,68.57488339955087,86.3676255485129,9.839289003499726,11.282283825589246,1.1850903608933754,0.09576924074602473,0.7338688652520738,0.6320290253617081,0.6986594160234934
8,AL-FixedUncertainty-DACC-b0.2-,0.005624496568057113,55.87649751500402,13.19034592965455,34.90614135590231,62.87200127031805,24.283025363891895,13.843393354974703,12.3828125,1.1660431498765119e-06,43.11403206818448,3.726433170218062,12.90566585604748,49.719603967704835,5.2816350936972745,52.72259656620353,19.3380173536621,9.524533854681874,10.119563459022176,46.962375106004004,50.95789320504179,55.72410851664208,68.97642845346175,75.16344624253968,56.317962735558226,86.00179463297889,19.899641238670696,71.57094397831283,2.811993063713151,53.73134328358209,11.254608659011904,5.277249956814648,5.435397367137982,18.257776862817327,68.29388232211775,0.12891145109287713,10.012917952841688,0.06409235738444391,0.11454018043271919,0.03163235813609942
9,AL-VarUncertainty-DACC-b0.2-,0.20068948661989766,89.87277578666864,70.70834565067479,74.39094538660382,76.99205083437465,71.96008816414769,4.102246595788211,44.8140625,3.831269128972457e-06,82.47545661707507,71.69453287838255,81.87795687645396,85.30318732604803,81.87708944696882,74.46682490358673,54.05295391336333,67.05078006114296,74.80742547588163,81.5685839545731,84.75142650910597,80.62445838073214,79.09467761062751,62.10909789061655,74.28158297390044,76.51452852106686,82.18981306646525,85.86224545624619,83.16971527661242,70.36403349108119,47.852101548509424,61.106696608510404,73.17601170160899,10.657010824222855,14.700766851073691,1.3106639425739741,0.0884196691828141,0.48498825060934114,0.6519883969519823,0.8218882359028156
10,AL-RandVarUncertainty-DACC-b0.2-,0.2006893145064129,89.92055566494187,70.21449937587944,74.01012689247509,76.7042229848337,71.49910299349334,4.144615104944872,45.659375,3.8910650796929585e-06,82.27067599292269,71.36422008702267,81.744013273454,85.14094976868054,81.49231347854776,74.33967396177832,53.58408958773057,66.4240736755744,74.00176383264147,81.19392704779628,84.72845368542717,80.33273942224116,79.17514043110421,61.80609120146621,73.70364934873649,75.98955975706431,82.30168995468279,85.5575518618007,82.68725177602508,70.08008736803785,47.295902243758555,60.45373409339552,72.1175036567528,10.93869524232607,14.674634125040729,1.3275183491117968,0.08764147925259182,0.48544317861698383,0.6645672364697638,0.8338061237961686
11,AL-SelSampling-DACC-b0.2-,0.20055936882542874,88.58972734959565,68.10900976751012,72.71955622128341,76.15056387672827,69.5852659667893,4.413523371046683,50.540625,4.336887446697801e-06,81.19852946238633,69.56157733742755,80.67593323004245,84.19667020236787,80.21583894785505,74.1625583571947,51.88539719582349,64.56252578887836,71.43802476183218,79.57304510276,83.84191836910887,79.88094408186382,78.80160113601013,63.001662475587715,72.27005762658618,75.68471834518117,81.81013972809669,84.55469624180643,80.55574201487944,70.0618856934838,44.12093121247235,58.34744054816606,67.64602632862018,12.051320251806745,15.506951372304012,1.330526099571212,0.0896820661807303,0.4308343204687858,0.6899910404598639,0.7953584465354272
12,AL-FixedUncertainty-ARF-b0.2-,0.2006684887747585,96.53430400315776,63.91542319913207,73.25313649105192,80.3019539606155,67.34288768627526,3.623638493025987,34.1125,5.847057615432682e-06,85.04743447639635,75.40204696657524,85.24034457687574,88.40766758419086,81.74254324365364,70.43449656190217,48.489395650913124,54.936732491160186,72.81645506248033,87.06379475047395,84.76697138279458,79.09290583711099,69.87343142231431,72.84577539342773,79.2434849810949,89.2273139570921,83.49249433534742,92.37581229857996,84.58326341108686,71.03021477975975,36.350995470346575,42.05792595151725,61.50950755728913,7.119066451410182,15.79760237277091,1.4664800883251599,0.14578091359497808,0.22515436932105493,0.33959318365283114,0.27179207210679
13,AL-VarUncertainty-ARF-b0.2-,0.20068931450641295,96.53662864730815,63.73610700240149,73.73069000728678,81.80530906714638,67.108330378315,3.670961903641582,34.084375,6.152935293761807e-06,84.90365087123847,75.14053301252702,85.01590260379687,88.25666868702515,81.91479097512628,73.81758873900708,50.36543715817461,54.260581893269965,71.46925226402428,86.86293003915992,84.51441305649197,78.81397936606679,77.49585025234485,74.46337433053121,81.00421247096088,89.48240395446905,83.24660120845921,92.346444241284,85.27493427308833,70.50600655260283,38.06594332666175,40.80497495249612,59.513408093612874,7.225168756027001,16.102730500384602,1.503214991802046,0.09737749993515084,0.21714063749411658,0.2948841912906173,0.25621674855754306
14,AL-RandVarUncertainty-ARF-b0.2-,0.20068914239292818,96.55949886897668,64.0086175425557,73.41890537457611,80.6825370694074,67.35620520249805,3.6693053826603794,34.353125,6.216621433850377e-06,84.87673232222399,75.1158498983818,84.94993923834623,88.26225568110141,81.93915850304388,71.64299518762378,49.561535322584575,54.94346255488597,71.82452279843844,86.87550215945643,84.56101565238558,78.96310270620721,71.95593475699896,73.33130678469723,80.31966231518025,88.77123511092626,83.1081004531722,92.30260394421481,85.15354925323041,71.33964324717873,37.4739281575898,41.78211550642022,60.333495855680155,7.204582145991571,16.03739868530219,1.4879194803194085,0.13217123637086803,0.22748150105245846,0.3161387043263047,0.27944592525985634
15,AL-SelSampling-ARF-b0.2-,0.2006832905344468,96.64295259814466,65.57370583178033,74.4733931088834,81.39680078117172,68.63613033878303,3.495180355105775,36.4359375,7.1292826873509e-06,85.55897296441381,76.28524068120711,85.6680986000537,88.74916395279824,82.82712434344289,71.7690225833738,50.9227726636678,57.464075844717875,74.32732798052025,87.38043868685538,85.3321318561761,79.93184613978842,72.68353464055528,74.52045922166096,81.04473211635835,88.88446280680762,84.02440521148036,92.45276225639866,85.94674721709458,70.88824171823808,38.71062888444117,44.5281280589624,63.90199902486593,6.965344067264039,15.123861731679378,1.4154033503405727,0.12660285509238844,0.22086754771057482,0.3211063701443284,0.29307656350914
16,AL-FixedUncertainty-MOOB-b0.2-,0.20067709444899587,92.15090619738959,66.97605954957378,66.59436063448625,64.40583958093926,68.97719691090134,5.244925159905183,56.921875,9.334314727392566e-05,76.68314940138931,63.04869689549363,75.98783706964271,80.54280250805789,76.16595759911164,59.00951053202866,47.64463556696977,42.954137325051555,76.91963341789945,77.99361531499424,80.9406666713523,69.62301516815816,62.45477359506108,38.44387341562577,49.34970185547578,72.03523104590754,74.10621223564956,80.163148029834,84.25602729764502,59.74153622133235,63.146529021384175,38.703863649450106,82.72306192101414,12.00080179428559,17.97538552488823,2.4270162015046086,0.1623131263348119,1.7200128079731383,1.2346601140788973,1.1942865502710072
17,AL-VarUncertainty-MOOB-b0.2-,0.20068948661989766,95.73954560260933,70.90711888982008,67.45994620215883,63.27175826624326,72.24525921870456,5.100332431431198,55.1765625,9.914453937219354e-05,77.38463233117389,64.03599127632322,77.03101933303117,81.376509089976,72.69846694094414,60.5766409527517,49.59962550027052,46.9597208674406,78.30138071318018,79.0669448009813,81.31236558163533,71.60013924215723,47.5051375170199,41.432532817292035,48.22932651864725,73.75586138596971,75.11650302114803,81.45781342106099,73.90585668736365,83.66945759009829,62.23111766564838,45.8392353313756,83.49683081423697,11.42145124765692,17.830479894931663,1.922447721995826,0.44052467294406544,1.4724269884290813,1.5237782646878797,1.091218229372955
18,AL-RandVarUncertainty-MOOB-b0.2-,0.20068948661989766,95.84508308978315,71.30009318977244,66.46004265396942,61.51973324279692,72.26769213754815,5.316933101867809,58.7703125,0.00010465525144051448,76.07872126565373,62.243501205330304,76.48218654002385,79.71338898376605,71.43830336486249,55.238087324297965,45.81261270246851,48.82062042647775,78.4806977218499,76.49244423852087,81.61410560911995,71.5238389076956,41.28826895143003,35.043536012105676,48.88173304157067,75.79420593913557,76.4780494712991,77.91119692482553,71.39257146053589,83.461958500182,66.46160328663225,48.77353601658317,81.39492930277913,13.49362898594693,16.70566421798321,1.863228049840626,0.564412509835456,2.065810585474849,1.5721065564317964,0.9536808075617926
19,AL-SelSampling-MOOB-b0.2-,0.20068742125808076,95.69712046696672,71.02756664017102,66.40369965085638,61.55472916813376,72.08490211723498,5.3557473953914805,67.540625,0.00011149333405127335,76.03218177937805,62.10448893648756,76.15705363538937,79.73342784775323,71.97155755536028,55.17486383635774,45.897610815436856,48.636660537261484,78.2842784602643,76.80779418346162,81.05529916680861,71.30632754413284,41.12437347044435,35.60353115525027,49.54366872460934,75.44210993222922,75.53512084592145,78.46926060974016,72.65732505453936,83.90607935930106,64.7540292847361,47.89658547820579,81.37591418820088,13.104704582145994,17.457601499440727,1.917184158691849,0.5723327540141632,1.9589374981409189,1.508555917288364,0.9709153580183478
20,AL-FixedUncertainty-MUOB-b0.2-,0.08122173036013025,59.86468515929976,11.648208611091555,,,19.906936430985798,14.022360541688148,27.8390625,2.6701825974871296e-06,17.659497566315324,2.1091518422263342,25.401394026951454,,,,,,,29.093904932141122,,,,,,,41.00854418429003,1.736033406165174,11.229233092800806,50.32763014197306,15.293374065100602,2.7868946853227383,16.966845441248175,38.89401146349127,1.5004148318335566,1.0078898429734182,30.362826731688763,11.973232735919538,1.2405680880696186,13.177580097840863
21,AL-VarUncertainty-MUOB-b0.2-,0.2006893145064129,69.75467090607246,16.947436822058506,,,27.206298290856786,13.35562991617939,41.990625,4.604682669095281e-06,26.55184402387558,6.2323669004274995,45.7555814737738,,19.576659808629366,17.168036978625285,3.825600901388808,,,42.34370100188028,,28.338805337486434,16.66863097783988,4.26746640210539,,,59.5478663141994,1.8726372303662888,41.83979414890642,44.696032034947216,17.280101127146317,5.717164737720966,19.490492442710874,48.07905258253605,1.8653996661191556,15.763014939716609,3.5661331742367244,11.169042499024528,5.196071995671034,7.8506945559516295
22,AL-RandVarUncertainty-MUOB-b0.2-,0.2006893145064129,76.09915405610009,28.176535378222646,,,34.32390104649414,12.963643056808033,49.5828125,5.614670452713552e-06,24.65739089726202,8.730117611287497,41.62270599497701,,28.569414765041415,20.05890091100578,6.54855431197049,13.448300383229958,,42.56011498091098,,42.71586918405294,19.936415212235875,3.973645794861073,16.742940605299715,,48.325009441087616,4.422363493245699,29.110868713990037,47.94321077539133,46.30780575160645,29.20826855530604,34.94978059483179,32.92465300727032,4.077981666784231,3.566641846612062,2.4512118146524515,24.334589051282634,8.205714589857092,15.184709421197425
23,AL-SelSampling-MUOB-b0.2-,0.20068897027944343,78.64119614251092,32.69661365701393,30.689935992489097,27.44085858494561,35.088126234696816,12.844017972716184,63.88125,7.3883511714585534e-06,25.566304998864048,9.35087340917389,36.314758634474494,17.395242939959072,34.08320411758575,13.277734932304252,7.663819320695704,14.218565291740802,13.677047332404138,48.66107387865971,59.180199042357984,47.612739346091566,10.325763639618526,4.394830808629889,12.21938619101861,9.692017188242982,38.708506419939575,11.982696848934527,33.12860099569279,37.80851838369129,42.08574739281576,34.38648010594806,47.516333495855676,27.336417713152677,8.138328781939531,4.226604653210039,2.7708922379877734,18.797957723190308,9.62644927214825,19.011475427384735
24,OALDI-b0.2-,0.2312317129422456,93.43534644141421,75.94722833704559,76.73837238633949,76.95863303628188,76.52023484814723,4.153696659972324,31.3171875,8.294915056063069e-11,82.25398098490221,71.48724872666136,80.58469173393522,85.00202550329031,83.81505582448086,78.74200430643654,60.04653901561833,69.94843307490255,78.68724271274492,82.49831305963286,83.8726246655242,81.50989314979022,81.48397443361654,60.70922711424188,71.8563320993847,76.78006673178278,78.75920506042294,86.16319744723809,86.25915981428652,76.2031306880233,59.4090382387022,68.15166695456901,80.6962457337884,9.588321974580955,15.767002226991952,1.28348414878828,0.08243625327488262,0.6388938950411098,0.8225744928101907,0.8931636283188998
25,OALE-b0.2-,0.25708522371310744,97.63159169616694,79.59438882478246,80.29970304502794,80.27198120509945,80.32960536836688,2.9640560783847456,83.7359375,3.379400974760453e-09,87.23616723923087,79.47393484601591,86.64771110211299,89.57905604896223,86.76643682946323,77.01751774638078,63.71696947766564,72.91578278605968,84.49064507527207,88.93993049437415,88.17652998173944,83.52219787415382,74.94232182240466,65.1118717009341,79.53573574930968,81.67528081278034,84.47177114803625,91.02745842760879,90.28108743077698,79.24281033855114,62.440745812704094,67.32020498646858,87.52315943442223,6.027976119532358,11.615627235809226,1.1684743735992869,0.12608406180557355,0.5567094007373334,0.5341305254193686,0.7193908317900739
26,DMCAL-b0.2-,0.19667321845331937,97.85795175871313,85.7939666779335,85.70955861544047,85.2957212266438,86.12866356718294,1.7087566872101614,91.4765625,4.294690564145438e-05,92.43387399916008,87.85249926132875,92.81878095895523,94.06939099015973,90.3582639198183,78.692827757711,72.31271916139886,80.8888171190836,90.34671391465369,93.61022010149182,93.60049946592267,88.90052705735573,76.13214527866496,69.74371720302786,85.45011156742123,89.63282791262236,92.04073829305136,94.54318904627941,91.8666442915478,81.46705496905714,75.11113452017277,76.79679852594,91.07508532423206,3.605202994810007,6.1511667355253925,0.7523410935740511,0.12162243953896572,0.5424316601897751,0.40289543950536244,0.38563644732757424
27,AL-FixedUncertainty-LB-b0.25-,0.24952634368997545,95.82520591169947,79.78248335894688,79.58506900413197,78.756697718371,80.45199291938813,2.6298228897502267,84.74375,1.191946128447954e-05,88.30013837924176,81.27064343487066,88.62209846871235,90.66144026300182,84.97602567119193,68.36453590991913,65.36108850435194,71.11077069320748,85.89470060534573,89.83578554573349,90.36364985986988,80.90547019463763,67.56705853986355,60.2970591583134,78.7774610965782,83.55039963360097,87.44137084592144,90.96205096346289,89.49348324662976,70.66254095376775,71.39049826187717,64.83272873841193,88.38127742564602,5.6770827690074,9.232141237643216,1.3867380212669966,0.155897382687868,0.7815313226681877,0.5386723913101332,0.6366971036677834
28,AL-VarUncertainty-LB-b0.25-,0.2506454255678024,97.43944300840933,79.30194451063026,79.14572534054165,78.30823660414968,80.00260531763256,2.8702764522551765,72.9859375,1.5106655709031555e-05,87.46480279236917,79.86419149452422,87.51367990328158,89.97968277202293,84.46016290060832,72.19349527516422,64.06531784129075,68.17260318364613,85.88460114974133,89.84058462296757,88.6901044753693,80.73139716419003,67.60521947736328,59.58393523564122,76.40533242940192,85.30108282411449,85.30480551359516,91.30758451258555,88.55316887620965,77.52457226064799,69.29632360686821,61.550066217539005,86.48171623598246,5.535658175592948,11.0802758379771,1.3860961233030968,0.1770295625707937,0.7812863614333032,0.5860781165449883,0.5455109883640022
29,AL-RandVarUncertainty-LB-b0.25-,0.2506454255678024,97.76035324158849,78.95040014025184,78.76360265427634,77.88749428967013,79.66123512724339,2.958889287014679,73.565625,1.6867631406057626e-05,87.03851211334705,79.20424315073913,87.12884128035367,89.54963020806443,84.04894916578625,73.18191833675962,61.943192037281484,67.96053041740166,85.89287717435383,89.32070268259274,88.47210417695528,79.90884766807095,69.68575970636327,56.942208318802706,75.58873111266374,85.29410636224222,85.04262651057402,90.65410993960487,88.64462717458187,77.10957408081543,67.92794690824819,61.747567225197216,86.50219405168211,5.834949562805414,11.240733462989274,1.4616383436831737,0.159943970325024,0.8538998703455178,0.6152276698986064,0.5458321290557394
30,AL-SelSampling-LB-b0.25-,0.250604118331463,97.73258772613332,80.09029324685125,79.57396860946096,78.45797414670017,80.72425523016977,2.8068639988884727,84.8109375,1.6059005099426334e-05,87.67772438435006,80.23138836385911,87.78300184153576,90.12782332637126,84.8248896982357,73.79644661391055,63.4217209688314,69.4480909193581,85.98427153029886,89.76213322491964,89.15696040480874,81.35555802520605,68.76853055961035,58.552676018544716,76.69895999158767,84.91100080222404,85.89001132930512,91.12071612878177,88.61190356323769,79.70877320713505,69.19308964500158,63.45655553636207,87.08873720136519,5.621796886004356,10.545864949565182,1.3325985129975169,0.17303485426231915,0.8141636586010265,0.5941683151629128,0.5664208156259924
31,AL-FixedUncertainty-BOLE-b0.25-,0.25049327724728576,97.7347810530822,80.30912781317856,80.34820770108065,79.95678177668927,80.74438785181995,3.2259048726674835,116.475,2.4999679774433997e-05,85.9248690216381,77.48577944341669,85.28152783310085,87.98158667389973,86.29231381110667,79.27705101908762,64.45210309505592,73.99950034404671,84.63505390338841,84.91359248333461,88.62726306851934,84.29204601642479,80.05919476384793,61.7357076543532,78.30582981307043,81.76383863727457,85.65308723564954,87.34565003300375,88.3917883313755,78.52566436112122,67.42968503107554,70.1456785858237,87.7191613846904,8.732812889384892,10.666015027996952,1.0801308738248683,0.09300234321634544,0.6943776147424671,0.598940822680943,0.7160545368259169
32,AL-VarUncertainty-BOLE-b0.25-,0.2506454255678024,97.80326596401538,80.3465642230097,80.69484255551967,80.60566584194945,80.7853452923872,3.1654013848974643,120.9765625,2.6676279463572435e-05,86.1832974189862,77.89580565042463,85.55615237519035,88.19697512015098,86.7673997230152,79.71234636774713,65.42950675158932,74.42312832056662,84.3026752654334,84.92088260721272,88.98871455411725,84.35491515725701,81.27120600856185,63.69738959144125,78.83473787993012,82.17181509512588,86.20152001510573,87.41938785955574,89.32287296526263,78.22351656352384,67.29695565153271,70.48367593712213,86.54948805460751,8.783737661577801,10.293573297593975,1.0863664540456077,0.0856700647626953,0.6381240168743297,0.5831684837087174,0.6871697157191232
33,AL-RandVarUncertainty-BOLE-b0.25-,0.2506454255678024,98.02144362448196,80.47238241229266,80.42413477233802,79.98270939690649,80.87182657990822,3.2710459282082325,118.2703125,2.622487758506193e-05,85.72394373954411,77.17798275540122,85.02124146568724,87.72591909320808,86.50663592295172,79.58617763773327,64.77642485419258,74.3273400506071,84.46521888414185,84.40661321492243,88.59472020153633,84.27342136195458,80.29390318266294,61.665362544413696,78.63267446584436,82.012270807011,85.64567598187311,86.87470217189491,88.86390333948648,78.9224608663997,68.24396924049299,70.47503886681638,87.07703559239397,9.079778531416252,10.643006136823967,1.0875585502642786,0.09220686017656265,0.7054183675433363,0.5902119241721296,0.6991411270610988
34,AL-SelSampling-BOLE-b0.25-,0.25061978065857504,97.89760446927195,79.96388769684253,80.26458343013239,80.11221959661279,80.41820034239484,3.270025779630159,128.8796875,2.835962646511487e-05,85.77891678657241,77.23709484647851,85.09106841600003,87.78518991277929,86.47865413883636,78.85485760772548,64.44742017683711,74.36674276791364,84.42704460853744,84.48460877363523,88.48728479144869,84.53801591755891,79.3329116582629,62.89268370604655,78.7337218118864,82.31631051745087,85.70685422960725,87.09450372571929,88.51289366224759,78.40189297415363,66.09501738122829,70.46582599182358,86.6504144319844,9.032239714821277,10.78330998854594,1.0616992322900352,0.09706622396306193,0.6480799413492815,0.5866281081176982,0.681157248323824
35,AL-FixedUncertainty-DACC-b0.25-,0.006033954548270949,54.792045095671384,17.088678935831215,35.48301255869969,62.565511075644054,24.967731575390225,14.080870095134634,12.7453125,1.1510495064107492e-06,42.61165001755558,1.7492142628921024,22.368337352445796,44.9966399714733,9.23476352033544,55.39648288682728,20.66399968766039,10.480595822060355,9.03456115325199,39.375897638208244,56.55616242961844,50.252887099721264,76.49241080131625,70.73846463123047,59.48281133920417,85.05994359020956,34.003965256797585,58.674484029353934,13.748951166303069,45.54423006916637,12.168966606973559,5.8426901594978995,4.790833739639202,34.91803278688524,57.6023727709087,5.7365870835457695,0.06699350643736003,0.08598139344448742,0.12493679532329746,0.031186329397575745
36,AL-VarUncertainty-DACC-b0.25-,0.2506454255678024,90.21942072157681,71.81658595702227,75.28445008030694,77.68081528761404,73.03216499949215,3.8636365708577265,52.075,4.434526244747556e-06,83.47015207947513,73.30360170964806,83.12429719211632,86.15372052108096,82.49530813121785,74.52764470913866,55.40126400879491,68.33991377784994,75.64116138982511,82.70691746001313,85.6617337148466,81.54883306835816,77.03713581928035,63.935107972068764,75.81631551522383,77.0596634635074,83.54597809667673,86.65144139978328,83.46478715668177,72.1951219512195,48.883387759401664,62.20993838889849,74.27450024378352,10.023918390343798,13.801942151952733,1.2383495519552212,0.10234062237901309,0.45816499538947963,0.6115906288532676,0.8091496551305793
37,AL-RandVarUncertainty-DACC-b0.25-,0.25064525345431765,90.33308051247711,71.31398052553507,74.85470983986679,77.38256756706173,72.48732323147705,3.9204987167790932,52.39375,4.474521171586173e-06,83.19026113057905,72.85963325870331,82.85775131191778,85.95661350628737,82.11333675969992,74.08485442732008,55.619100168623746,67.55707118851107,74.57900336006654,82.23166255452402,85.62010068677478,81.21275168982233,78.00645333533124,63.77425736644282,74.52048399100687,76.31226334553,83.49358006042294,86.29581258096513,83.0349051854338,70.5569712413542,49.31844517012536,61.78614613922957,72.92540224280839,10.352518609211966,13.79186526530763,1.2595872045893868,0.09462789551503202,0.46546134074282747,0.6510126054520133,0.8284180966348025
38,AL-SelSampling-DACC-b0.25-,0.2436947945997673,89.03253992377778,69.27649306340139,73.67786034883468,77.00529464897488,70.62653886666382,4.183292212010366,56.5359375,4.8357269261032344e-06,82.14744273784362,71.11193756766795,81.79723879328898,85.02943741259024,80.86958172766617,74.32574706958083,53.63835910927084,66.155612263314,72.23096536565892,80.72554637103535,84.69872092730492,80.6604808322244,79.16017686377745,64.27244266772183,73.47653064241038,76.04316423834982,82.89803625377644,85.36288258777765,81.08323544218828,70.0618856934838,46.028652691456855,60.16755916393159,68.78352023403218,11.3579307206397,14.674970021262231,1.2751027953739331,0.08771065169083377,0.4251127259111246,0.6692865189968863,0.7929320501978584
39,AL-FixedUncertainty-ARF-b0.25-,0.2506073884876732,96.96991018788009,66.30444505792727,74.96040849139999,81.63823475006768,69.29393705532837,3.369504033875728,38.63125,7.646305441287244e-06,86.05662189421217,77.11204692446537,86.29723839799533,89.20828494091751,82.86831635984716,72.25659314848778,51.76293064899928,58.02560914667557,74.90083082510492,87.97718924694006,85.83314026312921,80.1836613699235,72.3134957771467,74.62652054439727,82.16641175912397,88.36722428981298,84.68188255287009,92.86010285879682,85.74900710410024,72.22424463050599,39.64500158011166,44.87879311337595,65.01852754753779,6.641998851483862,14.584849065032865,1.3904243495739632,0.13163514997449263,0.2239995520708848,0.30036636535407923,0.31325490363995134
40,AL-VarUncertainty-ARF-b0.25-,0.2506454255678024,96.99925384588248,66.8350954564627,76.08558338822158,83.65617456429904,69.77259193707671,3.32742010314319,38.4703125,7.329905534990961e-06,86.29997315029638,77.5004305726803,86.37593807088824,89.35479347710222,83.49905896557547,75.57365845040269,53.053815240973265,58.84130354257699,76.24340417312021,88.24416951756197,85.84632043802416,80.36211295852311,79.41758071170325,78.00997209860797,83.3523606788622,90.36070554681054,84.5864331570997,93.16289035336975,86.89153661128825,72.10775391336003,40.20646792373327,45.49547993320666,65.95758166747927,6.467012666182701,14.617229460785797,1.392368383407488,0.08892116936006847,0.1884276813194312,0.2801053854819967,0.25787597546485114
41,AL-RandVarUncertainty-ARF-b0.25-,0.2506454255678024,96.98412822413435,66.69249762626441,75.3006623826388,82.05178040728362,69.5782588591705,3.3727162703906357,38.259375,7.48924808188652e-06,86.06939271478043,77.13029288647614,86.2026226574588,89.19304404509772,83.18052578435595,73.1587641596,52.132205114329544,59.119609215522395,75.01664114335031,87.93633408387977,85.78177700373064,80.4836643103069,73.60895363833103,74.6950584901501,82.48532788544597,89.37134743914092,84.5375755287009,92.88763541251178,86.06785254796665,72.76665453221696,40.04845675761088,46.089710370242415,64.64992686494394,6.655948988547344,14.651726002734193,1.36874653833598,0.12433745773996349,0.22543432501806587,0.30159054014494935,0.2812300402139511
42,AL-SelSampling-ARF-b0.25-,0.25063389396432434,97.06767572399413,68.32129748193633,76.29163718740159,82.5967835761353,70.88258868762223,3.1958455737840774,40.8421875,8.098573769934267e-06,86.7522873882123,78.2956737877237,86.94810182309564,89.70831589576501,83.95191904373726,73.17124350054749,54.35446229858443,61.1859510472925,76.90870984201594,88.51763624558062,86.57198656324078,81.15842611005681,74.10475326170598,75.45941743264518,82.750742017283,89.61452340243466,85.43386518126889,93.08082216441171,86.94943223135871,72.28977065890062,42.489202570314966,48.561064087061666,67.373963920039,6.35963724226106,13.739230327398047,1.3238687006884813,0.12025628388368652,0.22996610786343066,0.3124484382900584,0.2855119161037784
43,AL-FixedUncertainty-MOOB-b0.25-,0.25056625336481864,89.31090115675964,61.42033272388922,64.50556964281247,63.93688066830195,65.18293450487737,5.393677357753885,62.2109375,0.00011396524543266018,75.9438015049603,61.88152728022114,75.04090554752389,80.376020257443,75.3241737745636,48.77335533941239,44.375496620604835,37.18507870548093,73.92881279455978,77.78820121075823,80.41826098442279,66.92514614934377,69.94826226299259,35.067249704766766,50.53299721250405,66.87804715332544,72.50278512084591,80.34193313825226,86.35956816020585,43.556607207863124,60.62361740229643,29.916508320377726,82.97952218430034,11.877498835231275,18.626453171028277,2.825341398017085,0.09291587766854298,1.8785027269434615,0.9166585350708335,1.5383709603177154
44,AL-VarUncertainty-MOOB-b0.25-,0.25064525345431765,95.48150639778414,70.16807478481942,66.84159087463703,62.785702544845684,71.46059144270477,5.0196441667742375,57.7921875,0.00012454869609791787,77.92792575712723,64.72342019699211,77.116993969633,82.42335171459237,72.78248911540736,53.837936779906535,49.36787651298321,47.798670829023585,77.26768203611702,81.24497333084628,80.76773833397363,72.68898151158956,40.41563111120432,41.53491464440482,49.70646688872133,73.14121199317984,73.39543995468279,84.15473295187803,72.91463892151927,80.81907535493265,60.94385336563782,46.10122646398341,81.89517308629937,9.720888908151213,19.078401537061115,1.7962505822931525,0.5696004427036048,1.430346147722123,1.4418827453450311,1.1001388041434286
45,AL-RandVarUncertainty-MOOB-b0.25-,0.2506454255678024,95.79129322317067,70.19550131838244,66.6914298518162,62.52400854181717,71.45910093210215,5.1186948738038645,59.796875,0.0001403975620956367,77.32886756211578,63.87791183656833,77.29904941114282,81.40329204418799,70.99676740629236,54.33464176800029,49.24019100864071,47.26693262570944,78.07641245721896,79.00786138140009,81.26958937860847,71.53821247131926,40.34226480750347,40.47332370867114,49.03389112771614,76.0029169175015,75.68480929003022,81.5569659125806,70.5560217038653,83.37823079723334,63.04540187506584,45.667069729947606,80.32520721599221,11.547571321768714,17.906761926835085,1.8405232018604036,0.5887093287679525,1.5483299767811745,1.4646630414533974,0.9343053191603241
46,AL-SelSampling-MOOB-b0.25-,0.250638196801443,95.77408725411928,70.31813732491045,67.08556113807147,63.07413095345801,71.65027673083075,4.943733810537672,67.121875,0.00015591158312357347,78.11816279181839,65.07400013949376,78.35815763978216,82.18257779625533,70.5313920003924,54.8703962160778,48.69554416012506,47.11094848173603,79.63437086255503,80.30104105154267,81.7362820282795,71.93190149586076,40.71835767388787,40.38276456734827,48.34754980438067,78.10102005290622,76.53205249244714,82.65805627230401,69.25602729764502,84.20094648707682,61.669651322026766,45.99873322968849,81.23647001462702,10.77966367980237,17.602003285065045,1.769565966936753,0.5837980856527716,1.5218566661825768,1.5148719495427088,0.8343770405814788
47,AL-FixedUncertainty-MUOB-b0.25-,0.1759053169297708,67.701810296816,25.59548306990666,,,27.593588174038047,13.051251007270887,41.5796875,4.513699092462452e-06,19.567874673844948,7.706598076068749,16.738597001851357,,,,,,,42.97180713347567,,,,,,,12.303719788519636,22.498614547777805,22.163673994518096,39.8762286130324,38.505214368482044,20.450279265273217,37.357386640663094,7.009307314747595,14.33369946021477,1.9007148909323657,21.844431186393784,23.032392623867274,6.46704929521241,16.771162279527992
48,AL-VarUncertainty-MUOB-b0.25-,0.2506443928868939,70.65004941902245,21.33881989734373,,,28.746078214348366,13.710233452691213,45.471875,5.021272582881566e-06,12.9291649742174,4.038573541941349,20.075847758084674,,,9.44835744953107,5.841176091117684,,,41.199130098323614,,,10.971490455989438,3.3483880997189006,,,20.183487537764346,2.8388533750322096,21.49913296414387,44.98725882781216,62.560834298957126,19.789255484539645,29.363725012189178,16.342761639560962,2.5789104198366872,3.9926053354558753,5.23623252315115,49.92589922644742,6.1408155842773375,11.754409440109047
49,AL-RandVarUncertainty-MUOB-b0.25-,0.25064525345431765,78.49879326710487,32.132289895140865,32.69303722173608,28.973366308208046,38.17352931056252,12.92067730977008,64.4625,7.486993033025e-06,23.98062346388715,9.126567663225975,39.586498235670106,8.749830620491263,41.349527757672504,20.32951565483919,7.185715821096447,17.315440037635838,12.4126740121224,43.2075837927663,56.11030330372114,52.99481212292905,16.151183253200152,4.711255282652835,12.064329165398231,17.574097236788674,41.55027379154079,5.295604321904969,35.541198187615365,44.63414634146342,45.49773517328558,43.493407036333274,51.202340321794246,30.098192712340044,3.892197466670698,2.2259920991530615,1.7361763205450789,19.71715725986363,13.077557682583896,19.697467627234158
50,AL-SelSampling-MUOB-b0.25-,0.25064508134083285,78.91766179477496,36.04653102298749,32.69780661364468,29.614206892904456,36.76329724569497,12.673307578045366,66.4859375,7.695472721631328e-06,31.228064136368953,10.921436572958873,32.67018789895933,28.579588666660396,38.29849121852932,20.36426698524578,8.17016073864998,17.948872262589852,13.876876796686076,44.82163132513763,57.85423770032543,57.633628065853166,15.30880992820913,6.52317754445117,14.367190981286777,10.790772705067873,35.976538897280975,26.34858330891878,31.62555238574705,43.9788860575173,49.33108606341515,31.56561294408936,38.51682106289615,24.959368532824804,20.034160645726896,1.5469740929981768,2.1919362230119406,21.85762853028508,5.57893709693158,12.544147924539075
51,OALDI-b0.25-,0.282434958314114,94.93027060474667,78.7470861158438,78.23662457798129,77.3802432533602,79.11270262837095,3.9592721441695398,32.134375,8.299442318578562e-11,82.96794214233097,72.73457651992251,81.29868967916566,85.49841336702227,84.68347188932555,79.72120657849531,63.516949654133484,71.67294462804524,80.82447317097885,83.30604634709145,84.74243106877331,81.9791020229407,81.00646719442315,60.94978631988016,72.59040393340783,77.08746588700475,79.3869429758308,86.26870360499963,87.57369804777088,78.48926101201312,66.34151480037924,70.78194276501411,84.94685519258897,9.129294746080419,14.781348354612359,1.2624298955723712,0.08750313437610786,0.7066606709488223,0.8235680259737956,0.9241001816229023
52,OALE-b0.25-,0.307019476361934,97.8196193587066,80.33232846724023,80.60497767339977,80.26396905517383,80.94924637533983,2.922426139145839,85.6609375,2.7252471126202084e-09,87.35217172795055,79.6885409796739,86.837951699255,89.63707336481976,86.60485832967483,76.98412981952778,65.33406444004416,72.83574883290457,85.09098537042429,88.87089882970636,88.52765974062186,82.94379356677732,74.73574606378365,64.67351113446543,79.42610646398334,82.67006758687889,84.89817787009062,90.77567675370013,90.60832354421885,79.39206406989443,66.02022542926366,67.28277768181033,87.66747927840076,6.101817039212075,11.195622600441368,1.2220820235558214,0.12764044166601818,0.599227672220871,0.5377320831374358,0.6728611137872835
53,DMCAL-b0.25-,0.23711007690030494,98.36149581676403,87.57818220284985,87.08269176032216,86.36856252119341,87.80944135807212,1.512144044767999,98.190625,3.0445129982480363e-05,93.27903726601173,89.2148612082873,93.63571305348414,94.73492816854684,91.37570292451171,78.98507210657297,75.68381475981093,83.59148945584248,91.16960362331915,94.22523421735022,94.43426533410837,90.38790277608993,74.93494890828556,73.4319032229519,86.5988001703198,90.56688301924828,93.05367258308156,95.03761017433754,92.38602673826703,83.52384419366582,78.09017170546717,80.79173144469397,91.78303266699172,3.2725938045138845,5.330236370171073,0.6443004962788258,0.13296671941065083,0.4696256817358654,0.38534893416955707,0.3499363070961389
54,AL-FixedUncertainty-LB-b0.3-,0.29521885950720467,95.30211564492704,79.78920180921611,80.25451984480362,79.99656473102823,80.53591999546691,2.4365963100477157,91.1375,1.3358154667205072e-05,89.17697052728685,82.64790025451057,89.73201094865824,91.38930097898684,84.77505063476534,66.30545161006782,67.59545552631013,72.91102274918869,86.83020512570639,90.91639059335901,90.93781574525269,81.41630531430607,68.0646544859047,63.205804000717386,81.19938714104211,84.2355958366156,88.57916351963748,91.85029350408223,88.56155954578509,66.19949035311248,72.68618982408091,66.26820982322796,89.6065333983423,5.079529325084243,8.719563603629023,1.3240521001067385,0.14197642949166905,0.703773627823397,0.4734008107940282,0.6138782734049121
55,AL-VarUncertainty-LB-b0.3-,0.30060308565055444,97.79717433634121,80.68848312036953,80.38276153186229,79.50479326292495,81.28102744197855,2.67293595026483,79.3109375,1.4754376012004083e-05,88.3178660681707,81.23631093370945,88.4221038235062,90.65608317797833,85.41090664656426,73.71758686751092,65.63198091377167,70.55373433473392,86.96227118294641,90.53061290303576,89.47811121293053,82.40366712538702,69.09817728496688,61.59013499448523,77.45969348601837,85.97315583365095,86.40974320241693,91.86554230306282,88.6482631313979,79.02074990899162,70.26335194353734,64.78148212126447,87.97805948317894,5.186498434334132,10.279734373268036,1.2414306621819393,0.16800255938021494,0.7286021987020554,0.5809507757542425,0.5253326482331909
56,AL-RandVarUncertainty-LB-b0.3-,0.300602741423585,97.94085321973652,80.44156180911044,79.98533423176394,78.97771334619668,81.02133204660241,2.712121041259854,79.93125,1.6700981595527587e-05,88.09499631677143,80.89754456726666,88.25721348537013,90.44802232157079,85.09925521850731,72.7418176699506,64.3768356335364,70.64380738012008,86.82198818129633,90.10143337577252,89.52303928904591,81.77751245708579,68.12525577904395,59.469236655101724,77.5528457527797,86.29467011454713,86.48767938066466,91.39275893837296,88.70448061755329,78.1179468511103,70.21594859370063,64.87361087119248,87.35689907362263,5.45247201846294,10.178461662484759,1.296322108066273,0.17466040656100576,0.7964214663029575,0.5788040344543107,0.5077055924867351
57,AL-SelSampling-LB-b0.3-,0.29908848698477825,97.93117910687927,81.33761230926294,80.65934196475757,79.47984946585461,81.87536967247877,2.592062554304244,90.85625,2.2542135899938227e-05,88.5770345535032,81.68000785404072,88.79621539513263,90.88731899672024,85.68178281409547,74.71358884711744,65.0142297861292,71.3730858227394,86.80300514560341,90.52843484191428,90.0749184384394,82.78378267715325,69.84552306155366,60.1067491902748,77.46575651465618,85.55378153699083,87.12929569486406,91.71478392240057,88.7937014040387,80.4004368401893,70.82060465606237,66.1732020498647,88.09556313993173,5.230895084134225,9.616943948997518,1.211169758169527,0.1658582137947135,0.7817062949788196,0.5932634903174872,0.5446010897374141
58,AL-FixedUncertainty-BOLE-b0.3-,0.24692192243877922,91.06554682580914,71.32102361565435,74.05357414783307,78.89986469265445,71.68557738001988,5.056744745366773,114.6109375,2.3283534369612528e-05,75.83703951037155,64.58041693552184,78.03527613643902,74.38404386753999,72.51478554854258,79.15577886257135,59.361905302393914,63.340550032578676,71.81644201362622,76.20441778718909,89.23887628265913,81.04546126315996,82.18780133001955,67.1132257520409,72.31256004976072,84.19671038375172,82.56089501510574,72.57856484798853,72.7952117245623,76.46159446669093,57.90161171389444,67.65474750964472,71.84641638225256,19.018370840692143,8.27920365723806,0.85631022378397,0.07908139002014646,0.5111291138177382,6.129194794595889,0.5239231974194561
59,AL-VarUncertainty-BOLE-b0.3-,0.30060308565055444,97.869873547605,80.86230336023843,81.68605350453281,82.06095002992654,81.31478711066939,2.944109575312891,141.4484375,2.960600644453532e-05,87.2083537000957,79.49540121545836,86.69540047491903,89.09938553339919,87.58851527842562,80.07622749226208,66.37975268007861,76.63514195726798,85.00250820369544,86.03938788058957,89.6470794955125,85.9928775408342,81.71738809193634,66.5466330823632,80.95039613811691,83.53288798013311,87.3617824773414,88.55842372600166,89.24651787212619,78.51474335638879,66.23196039186769,72.76155927909254,86.52852267186739,8.134311377894315,9.732156352973186,0.9534018758092501,0.08352571917719383,0.5534374185285179,0.5276903015195735,0.6242439812882025
60,AL-RandVarUncertainty-BOLE-b0.3-,0.30060256931010026,98.11984000863706,80.73119994755895,81.2795487477111,81.37386643967594,81.18602677477568,3.056368486528325,134.9796875,2.971887229553734e-05,86.72437058098629,78.7295622439084,86.12665612082408,88.65917534448349,87.35190610055875,80.52233722980775,65.08173219829084,76.17823922228877,84.71998902095262,85.64039352058431,89.16595533552047,85.59926595684678,81.42635912791927,64.38990979637406,80.363378204174,83.03180313631249,86.61895770392749,88.1584251379275,89.17855344856518,79.6614488532945,65.79374275782155,72.41031841999194,86.48074110190151,8.33438072226496,10.193274685853059,0.9837911594144424,0.0864828409120386,0.6045468304640791,0.5452722901826503,0.6468308766070414
61,AL-SelSampling-BOLE-b0.3-,0.3005676302726966,97.99371342153937,80.2286588850438,81.19446337012172,81.69948178863416,80.69613980468648,3.0925844781334493,147.1046875,3.063752124176567e-05,86.62203190295553,78.5399626898387,85.9583569905794,88.58111554288004,87.24162238033742,80.17163846823651,65.40801344797306,76.2027645456892,84.48637644792873,85.39655053363701,88.98051982662153,85.71919654713511,81.82447267718788,65.65865603243607,80.76699714973299,83.54997975368855,86.52780400302115,88.18535762316405,88.81971247972255,78.59483072442663,65.16907194775098,72.13105314677263,85.44514870794735,8.490974396758151,10.392461145204578,0.9703479820562009,0.08298963278081847,0.5662978833599582,0.5293757595649745,0.6156445472094658
62,AL-FixedUncertainty-DACC-b0.3-,0.006178874102428178,54.973284070385475,14.590663671286666,34.67662055804281,61.24264278542616,24.276695797677576,14.181950536640077,12.9828125,1.1528473793684195e-06,36.23945804905924,1.020099491726321,32.881469438039204,29.459500458195258,6.949549745595741,58.09383618129641,18.927357969519075,9.549846663876309,7.532021663800374,39.60376635102383,57.83013199549764,50.341152496357935,70.99010390489181,76.01212063893072,50.030363159197606,83.89086095208359,49.44458081570996,35.13542133631721,4.087095150192985,58.60575172915908,10.919624986832401,7.743421431450452,4.000975134080936,47.788998082194745,36.68624941638031,0.3457079034145304,10.00594882968881,0.06094285579307074,4.360989629997603,0.024817039011457587
63,AL-VarUncertainty-DACC-b0.3-,0.30060308565055444,90.63172830502222,73.06273812377623,76.40228417085483,78.81147183195381,74.13626114962423,3.6659209188431157,58.403125,4.930250967542331e-06,84.30156347889545,74.65124584062649,84.0867040003913,86.85559227110734,83.19370406319298,75.87228206745934,57.79498746600168,69.52282097765706,76.32698115037843,83.58520340260716,86.42429356097793,82.50031000604697,78.69552951803087,66.08160083100536,76.54807554666466,77.84528995834393,84.5943164652568,87.29125559034382,83.90026290764669,73.25809974517657,51.36205625197514,63.67996775493752,74.86786933203315,9.532981916288344,13.048258210143393,1.1670988779623592,0.09428203332382212,0.4379906879736282,0.6011407889717819,0.7796939172384756
64,AL-RandVarUncertainty-DACC-b0.3-,0.30060188085616135,90.75035059848648,72.43059120512909,75.93850877985608,78.48886626162005,73.54931472812991,3.736190319822009,59.503125,5.034495733626601e-06,83.97924655600919,74.13703724517866,83.74905342277505,86.59060528588829,82.74748407527402,75.30096108096858,56.79468453731774,69.47600058342357,75.69739202264557,83.07013754655775,86.29305883774343,82.00716005650615,79.1900253871063,65.38367454650127,76.1342518606925,77.3437555962329,84.43929380664652,86.8902686541876,83.50226548078538,71.79104477611939,50.20857473928157,63.891863879771975,74.12189176011701,9.874990519324324,13.13381097776031,1.2013945691764265,0.08969935929029078,0.44159511757264414,0.617214736225816,0.7946269594042483
65,AL-SelSampling-DACC-b0.3-,0.27760924042876917,89.61142786353301,70.34788193017609,74.52928194036647,77.67002735540007,71.63313164311337,3.9980798680584995,60.7828125,5.184976794731078e-06,82.90455274589854,72.35868998283071,82.6187547282958,85.6912174498658,81.59325727847967,74.4895325482506,54.83663939439454,67.53680453374662,73.31778526096186,81.61681898045681,85.40476142853765,81.08879706799146,79.02070575190803,65.25118997855571,74.79348310420878,76.51443517614197,83.64581759818734,85.97971768542997,82.10577837444762,70.45868219876229,47.29379542821026,61.567340358150524,70.38078985860555,10.811085347751185,13.98235201252221,1.2556624570386863,0.08890387625050798,0.4185512642624304,0.639462782425108,0.7905413361593714
66,AL-FixedUncertainty-ARF-b0.3-,0.30052718360378095,97.29566079125176,68.87850557572786,76.68419136471826,82.79894232027306,71.41145437277422,3.1034341813528354,42.4625,7.884062849269765e-06,87.11338147921212,78.90350655094707,87.44644083765432,89.98750976902008,83.60385179847458,72.96912253626391,54.6996876337094,61.71986504429164,78.65111891294401,89.10452182389463,86.88840044958982,80.86141343903607,73.69804485747531,76.98608689206091,82.57299000600655,89.48113877384802,85.84960347432025,93.31626079682034,86.54528164680877,72.26792864943575,42.441799220478245,49.29060862555421,70.16869819600196,6.024183849262674,13.400411808767561,1.3436391579765907,0.12271190544127693,0.21084163431137024,0.32043218692616804,0.3018187267842041
67,AL-VarUncertainty-ARF-b0.3-,0.30060308565055444,97.35191231311718,69.40733290205473,77.94684419601222,85.16264895031598,71.86062494755569,3.0710940674518414,42.515625,8.094861902969166e-06,87.34544209069692,79.25958319012499,87.49009244358876,90.11061010834476,84.57278545006679,76.88068543890212,56.73001316825954,62.570917882907864,79.07974273203831,89.22521186603356,86.8545970538855,81.59994858101844,81.6086298355584,80.6477936394713,84.94646843019436,91.25589324605036,85.82208270392749,93.620424919079,87.77815069642557,72.70112850382235,43.77119983145476,49.53762883629872,69.793759141882,5.947823778618097,13.483714071700408,1.2983395016671007,0.07795733789871426,0.17449988539313654,0.27041843713685026,0.24490545974858252
68,AL-RandVarUncertainty-ARF-b0.3-,0.30060274142358495,97.30236650820426,69.00516932440249,76.97354656480066,83.3577484311234,71.4993621159252,3.127430821874545,42.4765625,8.497475200177482e-06,87.06322760975675,78.80587321662972,87.24970165865807,89.93938843401406,83.93388618900897,73.8365691455864,55.552042755853506,61.65683624712646,78.7525883861463,89.03932147638139,86.7029184798941,81.12073719024978,75.01958268588653,77.62951560167589,83.46391361821414,90.52824996556197,85.53087235649548,93.42695578201275,86.95083067628796,72.73389151801965,43.26135046876646,48.89100017274141,69.7006338371526,6.041790818371924,13.63503531948769,1.3270231706825026,0.11539692009718727,0.2072197074812911,0.29850349067232035,0.2670463263288981
69,AL-SelSampling-ARF-b0.3-,0.30057761285481194,97.36133650286766,70.38735274450396,77.72290290899143,83.60726350901886,72.61306469092715,2.9851540188494385,44.8921875,9.038587854269685e-06,87.59677941247341,79.7181321650339,87.82071255882248,90.35783203448567,84.67452493235204,73.80750406036792,57.385300078851095,63.619971335931915,79.54660458367731,89.3841658134301,87.41644811409112,81.7357825988109,74.87879425508484,77.73031590785057,83.67849874603573,90.42683912782867,86.3119335347432,93.50457640460147,87.83548693852435,72.7775755369494,45.50616243547877,51.3445039442621,71.01121404193076,5.882840518782573,12.809066510810819,1.2873171966298522,0.1160886444796071,0.21686068179710558,0.3087226889265406,0.27518189051957
70,AL-FixedUncertainty-MOOB-b0.3-,0.30049912910576715,90.58268455674934,64.59497654664993,66.52752925661335,65.40958604254519,67.73801399165703,4.977337690178652,64.2234375,0.00014774221027942584,77.78655174075578,64.72983409009325,77.57840025410455,81.82103893175025,75.05214945439468,55.94998038952174,46.84419666847301,38.91878235698485,78.02881394924877,79.6661000168041,81.98705307936373,67.68191677682647,67.06903118143323,36.93811735415063,51.33743286592064,73.18745102331752,75.6076756042296,81.66014239272012,84.56452424903509,52.81397888605752,64.18518908669546,31.699775436172047,83.63481228668942,11.076950581300855,17.077165438965977,2.670497269182662,0.12890283866393437,1.83486463267188,0.9255116252250973,1.1274714452401597
71,AL-VarUncertainty-MOOB-b0.3-,0.30060308565055444,95.79186755716313,72.02126933779255,68.68858474360009,64.61289487344811,73.31677285612264,4.75844100367982,61.34375,0.00015440373946977258,79.01883265750105,66.509198490491,78.39132643410916,83.16435921169636,74.63196944095225,58.73018590044991,51.60463970881267,49.54131494579422,78.13913525353254,82.07491561810775,81.87445351931702,72.72847317996582,45.06113585812037,43.60918840701847,52.50683736324366,74.43526016836373,75.03091956193353,84.49920755662704,76.6487665715724,84.33927921368766,63.461497945854845,46.97932861173491,82.25841053144808,9.40369258773688,17.80679921131567,1.8856761386352883,0.4890145521516952,1.3695082753154313,1.3191813996398443,1.0352148609639216
72,AL-RandVarUncertainty-MOOB-b0.3-,0.30060308565055444,95.44825216278375,69.01397116051005,66.03052578665316,62.053421271988626,70.55407434703409,5.169877004337719,62.459375,0.00015926788253839023,77.28182894673432,63.644216686482615,76.85826080564999,81.86419533867245,69.82216765880727,53.774166599998935,48.09874042159044,45.13760011418182,77.82827533161864,80.40009219356372,80.31468440935295,71.00345162378562,39.5751331405365,39.83342324421739,47.45404131744118,75.79312297502295,73.62556646525681,83.47979710625802,68.6941321250769,83.96796505278486,61.048140735278615,43.07364541947371,79.98927352510968,10.299860227752918,19.4771439416078,1.8404681820349267,0.6109828538818707,1.553544151638003,1.4710145570350133,0.9361251164135009
73,AL-SelSampling-MOOB-b0.3-,0.3005822599189001,95.63239721343845,69.78802719669255,67.0637083659376,63.28949739523622,71.32360528288228,4.828146542241393,69.36875,0.00019315592600226714,78.68865014836183,65.9014468907459,78.79738460268567,83.0022490817712,70.75109765239264,54.615860770106636,48.65109371255243,46.431426488509494,78.97266941330487,81.734426235779,81.77449168964839,71.2002469365764,40.56145973565212,40.95853453989092,49.24100209071036,77.55632053839633,76.06698451661632,84.26856947204564,70.33255020417295,83.90971969421187,60.20436110818498,43.96671848908851,80.51633349585566,9.75239183903438,17.875960243323224,1.8679597548316575,0.5891589496165254,1.45533219368035,1.3975818112464402,0.8586410039571671
74,AL-FixedUncertainty-MUOB-b0.3-,0.21092318230948756,68.76210428293629,21.13796998624816,,,28.061848920987536,13.315299690204293,44.4203125,4.87195917715629e-06,16.095949825476925,6.0128870746452865,31.37279331937708,,,,,,,41.200794685460025,,,,,,,30.107675604229605,2.2610933247676503,22.745706774067237,40.04732435384055,53.65532497629831,24.133126043645994,23.482691370063385,18.740370342279476,1.9065805428754732,2.0168800824563786,10.903599560755016,36.63944680754271,8.441110982976873,14.559109512544111
75,AL-VarUncertainty-MUOB-b0.3-,0.3006022250831308,73.93896785337543,30.2243283671455,,,32.432650770767204,12.846387652074293,61.8734375,7.051158130505226e-06,25.702963105753405,9.306919150757809,36.77285044929154,,29.25625977658249,16.060963711633644,,14.657408394838516,,44.06474170954279,,53.84522710777354,23.90000530502427,7.692016501269211,18.115251763200888,,41.07486782477342,12.046727685394687,30.71712255971359,36.501638150709866,44.2821026019172,25.220821097483736,37.185275475377864,26.934680853369162,9.066141324976236,2.9120709829108424,1.7270628518066975,26.571889998407748,6.799971613338182,15.912895939711186
76,AL-RandVarUncertainty-MUOB-b0.3-,0.30060256931010026,78.8197061214593,31.635555469622723,,,34.827148902849146,12.528445138609712,67.8515625,7.844824667295648e-06,31.677572924483492,12.036588792342613,47.00523018084512,,46.56525064825567,17.325049624243682,8.710139681522492,16.69949430255078,9.958847776080347,46.78858881370856,,52.29840908475828,12.887666063082866,5.892408041882922,12.966095074790923,12.812762912618712,55.45978096676737,12.904966802093886,43.08636795882979,39.17000364033491,41.744443273991365,31.385961881729724,20.038517796196977,37.971948035062255,9.523228903198069,2.541860917217171,7.574866194564775,17.225726528776825,7.264306434014317,5.5971789574345845
77,AL-SelSampling-MUOB-b0.3-,0.3006029135370697,78.55347992763866,37.033675631949215,31.53535311937469,26.974619332668578,38.76753498619116,12.669261845156168,69.3234375,8.021801865349214e-06,29.25008433560752,11.079137779020813,35.40193545827264,23.288879134069585,44.743757118344156,19.503050007425145,7.706225194663025,14.789184320014465,15.271082977842179,44.926043409117725,53.23150480665218,49.30164268686114,12.826955139078052,4.31744758817516,10.758981063947227,13.459760634848553,36.58067409365559,19.969855383496704,45.636851820775306,52.635602475427746,44.7192668281892,27.404848275464957,44.425646026328614,25.756259954709456,14.797605731733123,3.9955580660898145,2.5154038373410113,18.7514325857933,7.887127535949046,14.981445204477414
78,OALDI-b0.3-,0.3333046477525421,95.90697467818312,80.53561546729719,79.1764559212577,77.6207076797374,80.79726322010706,3.8513023672252906,32.9515625,1.382108570800887e-10,83.37812299918075,73.44369687313687,81.71615191560691,85.75075329560312,85.09581133296213,80.17399227486425,65.62633032850707,72.93158867764473,82.2465436666636,83.81103084123518,85.18006486562449,82.31511144033479,80.14286070668273,60.740242145206835,73.56827639209521,77.58736736698256,79.72380098187311,86.3293811176099,88.07266319852326,80.22934109938113,71.40735278626357,72.31415903725456,87.50414431984399,8.836666919484685,14.29329114476791,1.2408988038689939,0.09459330929591105,0.7677085101282721,0.8008764381836085,0.9250814448476545
79,OALE-b0.3-,0.35766214811398045,97.93003258995654,80.73805700844443,80.91588683214206,80.50705848361511,81.3303628650472,2.8654878716796457,86.80625,3.1613098043534487e-09,87.57930989377155,80.06041660441528,87.04613831788518,89.86833578962508,86.93239411926683,77.3885326031019,66.05293063755367,73.11744028784987,85.0517344799791,89.20322092877885,88.73946490471073,83.26699112897407,75.63781931005873,64.95066454158648,79.72174975136681,82.0294988198301,84.99291918429002,91.0271407442967,90.93807685853332,79.27557335274844,67.22427051511639,67.53325272067715,88.32130667966844,5.904131407582374,10.99264051378686,1.1986068980189195,0.12139762911467926,0.603024571361582,0.5295354345376965,0.7090786473554065
80,DMCAL-b0.3-,0.27333514626203936,98.61107853272509,88.37290829745332,87.76489174590685,86.96902511597844,88.57599867474602,1.4393839171691682,102.7828125,4.491898314639305e-05,93.59348860264505,89.72400250842774,93.93066739628736,94.9513556181947,91.85671007992289,80.22908591630356,76.5774102301896,84.67631510640929,91.77674902925366,94.53051803745305,94.70411733680889,90.80799361643881,76.51275994557543,73.99830968813069,87.37179943799626,90.857677749446,93.33846299093656,95.1999463468184,92.93030150472674,84.3502002184201,79.34794058780153,82.14890309207115,92.7162359824476,3.099016176741465,5.065953223092193,0.6168639433075718,0.1231788193994103,0.46329168409099253,0.3659218124883571,0.3414617610641889
81,OALDI-b0.1-,0.1277689617426146,88.87140451287884,67.02846743883762,72.0189352664637,75.65042068037857,68.72227607700148,4.733713926048099,30.3421875,5.530697914461295e-11,80.17739736872905,67.74040445140764,78.72341103030756,83.54083646696446,80.75701456923017,74.16917927055383,50.09083070481733,64.10820625203414,70.14616046856011,79.81180313305042,81.4423260558776,80.12167549650555,76.59032829504537,63.64573952419654,70.6959955279254,77.24507673004916,77.6679569486405,85.75186815436584,81.40571684287073,71.99854386603567,41.30833245549353,58.67046697760121,64.25304729400293,11.275530105208414,18.595147643184163,1.324437238885078,0.10547067520946278,0.39209545089489584,0.7503304384852169,0.6929859304694721
82,OALE-b0.1-,0.15549696047585937,97.0460125034499,77.04228257762878,79.25305153416022,80.45170387746595,78.09129296889782,3.1661712778119697,81.2109375,2.83420538633234e-09,86.51626816657831,78.24151326784292,85.87075372861769,88.9609292419084,86.10097607843144,77.55045270172451,59.512625056305446,73.21329801559743,82.30982192636475,88.18925525921577,87.15650674583792,83.07356666880214,77.5477978468439,66.06700872576678,79.56819863615836,81.55959325963669,83.67503776435045,90.84291972142705,89.36426693516809,77.61558063341826,54.209417465500884,67.82748891575977,83.10433934666017,6.432475919083788,12.740409323135523,1.194535430933613,0.10709622750814937,0.46302922562504484,0.5374304748556271,0.688222343542039
83,OALDI-b0.15-,0.17968974823239453,91.94125276045732,73.22369683933364,75.48484484221225,76.97818721761612,74.05009468386407,4.293598537498667,30.7671875,6.915070116519929e-11,81.76173641852492,70.58844324373561,80.19291475526728,84.65031544600802,83.09438910941192,76.88976155508907,58.16464477545507,68.58097623561767,76.10233883669996,81.52720382842512,83.40608554028617,80.95779812088577,80.43593695063,63.56814872814061,71.95307577849823,76.99906157644705,78.90464501510573,85.93361830703034,85.3521284331823,73.78958864215508,53.614242073106496,65.52484597224621,75.23159434422233,10.261287421581269,16.270040408315445,1.3165877437836766,0.08658659956940155,0.5105167107305268,0.7877830904203887,0.8223877880899622
84,OALE-b0.15-,0.20699245454482865,97.41484256096082,78.86954644133593,80.00323675020822,80.3587942208914,79.6521502178788,3.0308600616927164,82.9609375,3.052005518434776e-09,87.0041582617915,79.0762672320233,86.36941117354955,89.37197440812913,86.6753117709873,77.1524855477121,62.48067640487493,73.09406895288747,83.97149993187718,88.63538519643558,87.84505205783525,83.6128230087069,75.9491675048524,64.59653471261079,79.8365765227506,82.03602054304827,84.21766427492446,90.95386179364,89.97930301504728,78.40917364397524,60.579374275782165,67.41348534577072,86.01218917601169,6.196596708309406,11.977118749391186,1.157158629492827,0.11799088653126162,0.5525100652821691,0.5246032520469444,0.6900421407952158
85,DMCAL-b0.15-,0.14994630059275882,96.17149535340613,81.99369148969707,82.15261217447011,81.77381024172149,82.53804313932585,2.1508371657144774,85.24375,3.2678899445777964e-05,90.51921474943717,84.76875520247583,90.98705091671006,92.54212356525359,87.81656275117436,71.9913097371678,66.45637940107763,75.48670590905122,88.75012844446708,92.25009014375352,91.74520136118231,86.23490148279258,70.05912997441786,61.95190372280249,82.12012954566127,88.05531546144053,89.7584497734139,93.35342974433553,89.46075963528554,74.15726246814705,71.71494785631516,69.85777624229861,89.46367625548513,4.327169991223603,7.992852128406407,0.9366024890969044,0.15178162261247005,0.7337988763278213,0.46914281152143633,0.4445122408127
86,DMCAL-b0.35-,0.30732979697493334,98.69563286026172,88.62750339253161,87.92686708504007,87.05471592414602,88.81705385659494,1.414637996406058,107.75,3.268536535001153e-05,93.68326299628924,89.87125110315634,94.04182534580494,95.02710397242092,91.94085965824111,80.66202309092384,77.01962631381011,84.63697958936687,91.79851412418094,94.5695208982664,94.86053950033588,90.8943489990055,76.91440999798888,74.17530937696812,87.16748223585812,90.80140046059924,93.52001510574019,95.19433394163805,93.01225037758014,84.81980342191481,80.1000737385442,82.25427534980136,92.81862506094589,3.0815988211456995,4.907947640496993,0.6110685216906493,0.12112093936171134,0.46341416470843494,0.37321363624267045,0.3441022511962491
87,DMCAL-b0.4-,0.3392279333301205,98.79011126129068,88.83781230601232,88.12622991185161,87.2519114927953,89.01881131913464,1.3941706302805095,112.8921875,4.5088944953426514e-05,93.76799446483032,90.00852343544526,94.13949113788405,95.0905478758701,91.94874783573685,81.22840870467876,77.43014335704854,84.62402037649107,92.06942161223444,94.6886620090453,94.93156674152077,90.82761572015558,77.89608311395187,74.20681823079737,87.18903873120334,91.02359590289295,93.59672394259817,95.25010501198372,93.09811489623539,84.88168911539861,80.95544085115347,82.20821097483734,93.14139444173574,3.0126336775270066,4.839324042443847,0.6165154844128834,0.11458414394784397,0.4677359807810414,0.3721846197517942,0.3362164630991503
