,name,avglabelcost,avgMAUC,avgGmeans,avgF1Score,avgPrecision,avgRecall,avgFPR,avgEvaluatTimeS,avgModelTimeH,avgCorrectRate,avgKappaStatistic,F1 Score for class 0 (percent),F1 Score for class 1 (percent),F1 Score for class 2 (percent),F1 Score for class 3 (percent),F1 Score for class 4 (percent),F1 Score for class 5 (percent),F1 Score for class 6 (percent),F1 Score for class 7 (percent),F1 Score for class 8 (percent),F1 Score for class 9 (percent),Precision for class 0 (percent),Precision for class 1 (percent),Precision for class 2 (percent),Precision for class 3 (percent),Precision for class 4 (percent),Precision for class 5 (percent),Precision for class 6 (percent),Precision for class 7 (percent),Precision for class 8 (percent),Precision for class 9 (percent),Recall for class 0 (percent),Recall for class 1 (percent),Recall for class 2 (percent),Recall for class 3 (percent),Recall for class 4 (percent),Recall for class 5 (percent),Recall for class 6 (percent),Recall for class 7 (percent),Recall for class 8 (percent),Recall for class 9 (percent),FalseAlarmRate for class0 (percent),FalseAlarmRate for class1 (percent),FalseAlarmRate for class2 (percent),FalseAlarmRate for class3 (percent),FalseAlarmRate for class4 (percent),FalseAlarmRate for class5 (percent),FalseAlarmRate for class6 (percent),FalseAlarmRate for class7 (percent),FalseAlarmRate for class8 (percent),FalseAlarmRate for class9 (percent)
0,AL-FixedUncertainty-LB-b0.2-,0.19783815986714923,69.4127854613072,0.0,,,26.38502579158301,5.318233156420028,29.821875,5.23349725214454e-06,70.86327681708053,46.61288850757979,77.86363433509676,67.42057585892621,19.924105281888988,40.53349648540566,52.2922498881242,15.093252256203163,12.683846885199298,22.993558103047086,,,75.8788407926103,66.2525857172964,53.62525345893433,59.207509901699176,83.90576832750483,33.01785585582905,30.628909712677785,90.55744332215646,,,80.2698026116296,69.09447358358112,12.274041387705418,31.629325580069555,38.84651162790698,9.987929993964997,8.414839797639122,13.333333333333334,0.0,0.0,25.9453677403759,26.04524045741736,0.5306108495015631,0.546066086785107,0.039165786899377227,0.04536314685382288,0.029576758875141145,0.00028950333290712015,0.0003014990532929726,0.00034973510580692935
1,AL-VarUncertainty-LB-b0.2-,0.20048275387993986,75.37178541578311,0.0,,,30.77518009869895,4.618383457908983,29.696875,3.4433954052575345e-06,74.68163931302543,53.675048603353844,82.18756242900422,70.4708181043783,25.287493131151308,45.519908722102834,65.89155298677716,30.507091693775568,15.704398317157906,17.96410630552402,,,78.00069815447367,71.6558369427556,51.53648802061356,58.08075406477161,87.16124682953364,44.49027913499679,28.955196957859975,87.5005301887655,,,86.85249539138346,69.32818911838733,16.762527896124972,37.44142295194117,53.04186046511628,23.277006638503323,10.84317032040472,10.205128205128206,0.0,0.0,24.610890191575514,20.071703827476373,0.7878506246763294,0.5843949436956362,0.03092099528315593,0.05848631613545624,0.038851953165099665,0.00032569124952051007,0.00014471954558062687,0.0002653162871638774
2,AL-RandVarUncertainty-LB-b0.2-,0.20048287447796134,76.22452736268926,0.0,,,29.92932039821229,4.845021241410981,30.94375,4.166851059481916e-06,73.48035036137198,51.42521344450671,81.3608534536917,68.72468546941225,23.821978286932445,44.50597795030488,59.48215175952471,21.52402953175875,16.65450538025178,26.796377678456377,,,76.57570385828431,70.82962110077776,49.171314752266255,55.42171836216124,78.2514632827833,34.76806270736516,22.68617550941537,87.9772422432521,,,86.79365430803368,66.75506383658747,15.725299249340637,37.204834388005246,47.98449612403101,15.703077851538927,13.229342327150084,15.897435897435898,0.0,0.0,26.68708527225479,20.123815988721216,0.8124400932424546,0.6486459847719488,0.05205962400844577,0.059561787651170206,0.06553021382462879,0.0005186934714585904,0.0003617988639515672,0.00019295729975554724
3,AL-SelSampling-LB-b0.2-,0.2000921368884022,76.17908344076378,0.0,,,30.000831283305217,4.8445502225572,34.1453125,4.34587330932522e-06,73.53279844090879,51.501271442281904,81.31934929513056,68.73727050477075,24.878395189987355,45.59844995168829,61.2714177547564,22.574678532280494,16.3168160087081,25.996555766653568,,,76.39367705350995,71.03959763621012,49.84570641069512,57.634971948349495,83.3709210385449,39.964454208829025,24.548140018987688,87.30362135534548,,,86.93167214566598,66.58992198067494,16.580188679245282,37.74471238811926,48.514728682170535,15.841882920941462,12.369308600337268,15.435897435897436,0.0,0.0,26.99747386233154,19.868915461333607,0.8334335736145633,0.6018899539215927,0.03864519065929277,0.04845663795520238,0.055011080717136764,0.0006031319435565002,0.000747717652166572,0.00032561544333748594
4,AL-FixedUncertainty-BOLE-b0.2-,0.09883984703346958,55.03249288630974,0.0,,,15.441112517997421,8.901691625526253,35.178125,5.227977128621812e-06,48.94725163138973,10.693667261312475,33.399543055829426,58.93605102030368,14.491587347909718,18.5492324420806,15.76596892507433,8.907365278642734,4.9709895245532305,,,,66.74558077246317,46.2328422865137,49.59118208496076,83.18885239039017,79.6530389853215,39.33457371292185,30.807982211168486,,,,25.329678527938086,84.07592473161239,8.99878271454656,10.844877715067556,12.98604651162791,5.111647555823778,2.8077571669477233,4.256410256410257,0.0,0.0,13.280207892669367,74.01627069082554,0.4992978959670486,0.05912574230589164,1.1367400505583696,0.016119988786094757,0.00880418832992156,0.00030156597177825005,4.8239848526875625e-05,0.0
5,AL-VarUncertainty-BOLE-b0.2-,0.20048299507598283,74.98328386981686,0.0,,,31.351057406017627,4.755574280787602,49.5484375,9.14964535816883e-06,73.44015504081639,52.113040996934295,80.6008119755545,69.35519621275893,38.40894125826974,49.150154699113834,68.79563562190967,22.70285135484618,17.76248658952675,14.185487572560396,,,78.36153030007718,69.58852888094856,45.71614064180369,71.47038221310447,91.83694312027464,40.44440757798808,33.35321791854484,91.98820787056081,,,82.98628726000298,69.14338547938794,33.150994116453646,37.46422666894704,55.054263565891475,15.817742908871455,12.150084317032041,7.743589743589743,0.0,0.0,23.043717894482384,22.119095608584406,1.967739934081991,0.3236084074612523,0.01909256443286488,0.04700656400143073,0.0350235201053121,0.0001688769441958201,0.0001688394698440647,0.00012059831234721699
6,AL-RandVarUncertainty-BOLE-b0.2-,0.20048263328191837,75.829937918245,0.0,,,31.637612954507766,4.764870896277996,50.3828125,7.881973879799867e-06,73.27157106660509,51.944666727064615,80.57335195349782,69.04069851770785,38.96513249227944,50.540979981095106,69.3650885249249,16.452104622571824,17.38940222592855,20.652211305977577,,,78.44656554589322,69.4313377420998,44.3960025814548,69.38173718886597,92.49902205430502,32.079548523377305,31.216509073382042,93.34248907292385,,,82.82304837723754,68.6608584979425,34.73676202069386,39.756570320962325,55.525581395348844,11.098370549185276,12.082630691399663,11.692307692307693,0.0,0.0,22.863818214782135,22.12751292360712,2.1735849343288987,0.37974028534115273,0.01768816527356727,0.04711531954796362,0.03824809937018049,0.00020506486080921005,0.000627118030849383,0.0001688376372861038
7,AL-SelSampling-BOLE-b0.2-,0.2003654120050507,76.47191926225157,0.0,,,31.33947535523664,4.792962852249657,52.6140625,8.55868660275721e-06,73.15267347723893,51.683861054587986,80.39743370960682,69.01038118178089,38.235760624869606,50.395579312689236,68.9322373552399,17.17847814026822,17.505186048630172,18.269950069866606,,,78.33417722148621,69.20197911971701,44.56594657610505,70.11122722201199,92.73597778813208,33.19703888918811,31.486397034961804,87.8224060561017,,,82.57714318718925,68.82300400084469,33.59961452627308,39.35693518043442,54.86821705426356,11.635485817742907,12.175379426644183,10.35897435897436,0.0,0.0,22.950238713966275,22.418275808051803,2.093561535081777,0.3629228987507084,0.016804362354354126,0.04776785282716085,0.03838094720506271,0.0003256912495205102,0.0010974565539864204,0.00025325645592915575
8,AL-FixedUncertainty-DACC-b0.2-,0.002073682979157044,50.650675616000164,0.0,,,11.17927096932608,9.450237566263636,9.678125,4.891863467896151e-07,46.85414031097405,5.1995799486858045,35.88608577066841,56.32105669794462,0.09780391500224425,1.487817222746618,4.983224579499382,2.762446148911412,,,,,57.95433871228322,43.742625862971536,59.91926703204898,61.681786341259944,99.8294069250236,3.133373419780578,,,,,26.541925174357324,79.31540467887658,0.048945019273686344,0.7981300952055184,2.6139534883720934,2.474351237175619,0.0,0.0,0.0,0.0,19.489188372514654,74.7440864706804,0.0016966986549231482,0.11449375354212354,3.6320667912869134e-05,0.1528740465763754,0.0,0.0,0.0,0.0
9,AL-VarUncertainty-DACC-b0.2-,0.20048287447796134,67.22645939778877,0.0,,,30.319415269064383,4.78515842240082,16.9859375,9.291928468479052e-07,73.42105231421574,51.843053979827914,80.80555006759755,69.27853739371844,32.11415023353343,52.32104435143825,62.23844719414463,10.098875904927777,18.604338051764863,25.47586861349436,,,77.87023764927694,69.84753809805275,43.93144723152856,71.19894110679255,93.10832722454992,11.619791578742653,30.95035386740173,95.08840107932667,,,83.97094285315478,68.71887359956169,25.307871779265568,41.360241719400264,46.77209302325581,8.95594447797224,13.338954468802697,14.769230769230768,0.0,0.0,23.970363207832232,21.712787843976812,1.6125854522018463,0.3618633417933617,0.013644464245934507,0.13691114913527255,0.04311516095722904,0.00020506486080921005,4.8239848526875625e-05,6.0299156173608496e-05
10,AL-RandVarUncertainty-DACC-b0.2-,0.20048287447796134,68.10095996533305,0.0,,,30.93250121380253,4.771002228003447,17.2921875,9.517316292557452e-07,73.34159027786991,51.86174197537714,80.95439263696879,69.02851090672031,32.10073661915682,53.33641149833777,65.10650172415316,9.787406577451637,17.36965331296335,27.07189993639247,,,78.08295378424211,69.90776571271994,40.97555745711274,67.99545329162177,94.28235652457147,11.437432621994507,28.98099393934413,88.60954720954722,,,84.04525829911965,68.17145417292096,26.388466220328667,43.88746365657603,49.72403100775193,8.569704284852142,12.487352445193931,16.05128205128205,0.0,0.0,23.69621079349731,21.478523314709417,1.8980360079972751,0.4468743069758273,0.011804217071682471,0.13335846794853207,0.04414171240859164,0.0005669440269431102,0.00022913928050265924,0.00027737611839859916
11,AL-SelSampling-DACC-b0.2-,0.20047768876303818,67.52660177364697,0.0,,,30.985063162022726,4.853016531983701,18.1265625,9.804961413869427e-07,72.87703463936971,51.05199314633022,80.46426599653738,68.55779775073798,32.511065584854464,52.9949591213797,65.71058139424528,9.276481229423165,17.033428748903887,28.7655571376388,,,77.73746658722096,69.31891754169523,40.85791189971058,68.99520468512493,92.54015177757282,10.516081772082199,29.345194294135762,93.25280539566253,,,83.3895592574231,67.81383230696352,27.00649218908501,43.02263268912833,50.964341085271315,8.340374170187085,12.082630691399661,17.230769230769234,0.0,0.0,23.9882516468242,21.96887890971751,1.952482308117943,0.41809378311115497,0.0161263765533139,0.14266310915190006,0.0425596154659034,0.00025331541629373006,0.0006874178415079777,0.00016883763728610382
12,AL-FixedUncertainty-ARF-b0.2-,0.2004833568700472,76.59353319714393,0.0,,,21.215317898807594,4.669131868842629,38.2484375,6.278949116434281e-05,75.175536450149,53.540686186817446,83.17776985850871,70.40855428837972,8.520881930487201,39.04758029549153,3.784932552549178,20.898506539382005,2.22999924219133,14.736623616159303,,,76.4494264807452,73.12635265247562,65.65880545349636,88.50048877335169,44.301483704975034,83.89726905890514,29.637451458355777,70.74327278758393,,,91.20521940865314,67.88634404981366,4.556451612903227,25.05501396727667,1.9782945736434112,11.949305974652988,1.163575042158516,8.35897435897436,0.0,0.0,28.222614371185113,18.260122186830976,0.11888286321696599,0.07039893551487077,0.009685511443431771,0.004579816903995436,0.004094128729552001,0.0008926352764636204,0.0,4.8239324938886796e-05
13,AL-VarUncertainty-ARF-b0.2-,0.20048227148785397,77.11589222539222,0.0,,,23.654069921307954,4.112459219959382,39.078125,7.899461776509674e-05,77.88875073715542,58.85311447175813,85.24501155956997,74.63635670269852,8.26300899647787,41.13358518457958,3.846621587694732,44.823930604201465,2.2964460447442616,12.336818398380354,,,80.72456144598513,74.05361507029171,70.97842435890058,89.82130445724246,51.41153878639079,93.25549231800946,34.411640052549814,60.785772311630616,,,90.3027006733634,75.22963478737309,4.389835666463786,26.699732056325182,2.0,29.70428485214243,1.1888701517706577,7.025641025641026,0.0,0.0,21.659563667129994,19.293822776878493,0.08957049466362949,0.06537220018234235,0.007409416254225304,0.004362305810929691,0.0033815812515473756,0.0010856374984017003,2.411992426343782e-05,0.0
14,AL-RandVarUncertainty-ARF-b0.2-,0.20048299507598283,76.56025847491235,0.0,,,21.37901463322364,4.621304014848342,38.9734375,5.551556109114446e-05,75.36657577595781,53.952720719748605,83.27975665989494,70.87623077976767,8.83484195269343,37.99799477629005,4.1826729746995195,22.64662960831435,2.3826973207898936,15.037211076795415,,,77.01737630980689,72.85009744613532,65.79271998518318,88.15939690315702,41.55958671486927,86.34684456087439,29.487802679888965,64.88664582904508,,,90.65155970986171,69.00792178662542,4.73650841955772,24.227239039963514,2.2046511627906975,13.150271575135786,1.2478920741989883,8.564102564102564,0.0,0.0,27.172925605850008,18.824625345934937,0.12321324336609818,0.07032501293645123,0.012131103082898293,0.004338137911700164,0.004408132702909972,0.0010373869429171805,2.411992426343782e-05,1.2059831234721699e-05
15,AL-SelSampling-ARF-b0.2-,0.2004819096937896,76.59082448047086,0.0,,,21.91974006761277,4.599939825074157,40.55625,5.785890307743103e-05,75.46504406048714,54.16999995474227,83.29696209477228,71.05623370912835,9.586411081551756,39.180128696833926,4.290714170142808,28.14644121630762,2.1671012959710927,15.530416275281187,,,77.17770947303745,72.86042678019763,66.69499528688374,88.36507005383653,44.104645378015896,90.1301872837398,28.764676095519786,71.48543485500008,,,90.47133031386724,69.34100209459343,5.165855143031041,25.179864317883816,2.257364341085271,16.831623415811706,1.1298482293423269,8.82051282051282,0.0,0.0,26.875566567957936,18.904036342749727,0.12861988758738313,0.07158169676958333,0.011344155278119463,0.003601016985199578,0.0037438935284988804,0.0008685099987213602,3.6179886395156724e-05,0.0
16,AL-FixedUncertainty-MOOB-b0.2-,0.20048287447796134,68.09059244661016,0.0,,,29.27355071222699,5.855037008165686,34.975,1.765066735485258e-05,65.575379190329,39.9411453216985,72.37496193361275,63.790465730472306,30.808587520528867,39.8010192179154,34.24561113425391,36.028274503987866,12.908301478042782,8.422584031015136,,,78.46328631292204,60.04117240061297,32.798608453218506,39.23872343176434,39.09650924387262,50.6952814420343,19.370459211193506,17.60884878070546,,,67.71123828593156,68.86486733290339,30.657334144856964,41.00450373410867,35.00155038759691,30.86904043452022,11.652613827993255,6.974358974358974,0.0,0.0,18.746431377288935,34.4109445981933,3.323161582690634,1.3705246038981838,0.5119277073425863,0.08104705006622004,0.09222055156005626,0.011133815678052992,0.001531615190728301,0.0014471797481666042
17,AL-VarUncertainty-MOOB-b0.2-,0.20048203029181103,79.90032827598267,0.0,,,36.725281955887766,4.855493310749932,36.7609375,1.677261600464893e-05,72.09355753309511,50.50799033399063,79.62661309374703,68.45507269680255,36.484107786784726,47.149160358042835,54.347084950130764,48.42627977524923,16.339276512949674,18.953023066655213,,,79.02429725569587,68.4227794660652,42.615214444797516,44.602112382826235,53.46542020023237,49.32291267353863,14.51646859677428,37.901427076024554,,,80.25425605136621,68.50793034763402,31.934215865287076,50.135682116184945,56.564341085271316,47.83343391671697,18.9460370994941,13.076923076923077,0.0,0.0,21.42759412582341,23.138823037961465,2.1495652526245017,1.3562575462632138,0.20804478580491442,0.09920922633720987,0.16272652065481905,0.006489699712667943,0.0036300486016473906,0.002592863715465166
18,AL-RandVarUncertainty-MOOB-b0.2-,0.20048251268389694,81.10013974276511,0.0,,,35.90936307094085,5.2501118964159685,38.3921875,1.682102198376217e-05,69.44054577840595,46.34212600336109,77.72823210842083,65.20476788830112,37.828352699967375,42.3496231611825,44.02841564434133,38.09916322923973,14.739516988986276,18.215339430974417,,,77.06459313224659,66.43186154682552,39.31028992545103,37.35283541112719,41.126479732476746,36.29016391652853,11.119166284470271,19.943305703782563,,,78.41653711199783,64.0360304315319,36.52211401907081,49.01887007582236,49.389147286821704,40.356065178032594,22.17537942664418,19.179487179487175,0.0,0.0,23.46963195745452,23.67851287139053,2.8231166328382096,1.7893206515043243,0.30590477205148814,0.14422193865220462,0.2558890841349492,0.024728409685816508,0.00584908163388367,0.003943564813753997
19,AL-SelSampling-MOOB-b0.2-,0.2004821508898325,80.24756953370576,0.0,,,35.975202314551595,5.220554591001376,42.7265625,1.8844652610520523e-05,69.67276932854641,46.6793989158818,77.92055314533515,65.427598063466,37.54102075720526,43.204127710165814,45.83348823075504,36.89259414672097,14.528647493360802,17.584877155434903,,,77.10873045621939,66.69229897780305,39.564966925772794,38.64262151561856,42.991352285344476,35.622014238556126,11.112237981425135,18.88932257458139,,,78.77461338159344,64.23182069823585,35.78743152769324,49.09868308534292,51.23720930232558,38.829209414604705,21.382799325463743,20.410256410256412,0.0,0.0,23.512008219012507,23.49285154822202,2.7350782317361153,1.6973979252396323,0.30750288143965443,0.14553908916021382,0.2532079732855081,0.036236167168874525,0.02346868630832499,0.0022551884408929584
20,AL-FixedUncertainty-MUOB-b0.2-,0.2004833568700472,0.0,0.0,,,10.0,10.0,7.471875,2.680810478826364e-07,50.111613468869436,0.0,66.76580487126897,,,,,,,,,,50.111613468869436,,,,,,,,,,100.0,0.0,0.0,0.0,0.0,0.0,0.0,0.0,0.0,0.0,100.0,0.0,0.0,0.0,0.0,0.0,0.0,0.0,0.0,0.0
21,AL-VarUncertainty-MUOB-b0.2-,0.2004833568700472,0.0,0.0,,,10.0,10.0,7.45,2.6729620165295075e-07,50.111613468869436,0.0,66.76580487126897,,,,,,,,,,50.111613468869436,,,,,,,,,,100.0,0.0,0.0,0.0,0.0,0.0,0.0,0.0,0.0,0.0,100.0,0.0,0.0,0.0,0.0,0.0,0.0,0.0,0.0,0.0
22,AL-RandVarUncertainty-MUOB-b0.2-,0.2004833568700472,0.0,0.0,,,10.0,10.0,7.4625,2.6774468521277117e-07,50.111613468869436,0.0,66.76580487126897,,,,,,,,,,50.111613468869436,,,,,,,,,,100.0,0.0,0.0,0.0,0.0,0.0,0.0,0.0,0.0,0.0,100.0,0.0,0.0,0.0,0.0,0.0,0.0,0.0,0.0,0.0
23,AL-SelSampling-MUOB-b0.2-,0.20048323627202574,0.0,0.0,,,10.0,10.0,7.5359375,2.7037952612671586e-07,50.111613468869436,0.0,66.76580487126897,,,,,,,,,,50.111613468869436,,,,,,,,,,100.0,0.0,0.0,0.0,0.0,0.0,0.0,0.0,0.0,0.0,100.0,0.0,0.0,0.0,0.0,0.0,0.0,0.0,0.0,0.0
24,OALDI-b0.2-,0.25142335814838623,80.6234784553547,30.364240056937273,,,39.530404529176636,4.52001489666362,20.1921875,3.363756049010489e-11,75.02136393950322,54.70458307284132,82.31339471095376,70.43195932405912,31.341666301118586,61.64990213535267,76.36289201687151,26.72732358927803,22.78202457563028,49.5417499631955,,,78.32682048800066,72.43834495764915,46.0258976047298,72.16479193822404,94.7663330977993,30.214028914339423,39.20923795159715,78.54718240964027,8.890756302521007,,86.7277859869178,68.53424118073431,23.76724487725705,53.81506185508239,63.98759689922481,24.158117079058538,16.129848229342326,36.820512820512825,6.363636363636364,15.0,24.105348401522935,19.08616782413451,1.391318220897503,0.4487100510065791,0.014007670925063198,0.11374621772377058,0.03609837986026823,0.0026175926350352112,0.0016401548499137713,0.0004944530806235897
25,OALE-b0.2-,0.2796231553025141,83.55086972172279,0.0,,,35.31361891855037,3.631791221463197,33.4390625,7.496144260383315e-10,79.96212016145662,63.5257907507775,86.51185560604004,76.79784757566509,32.04007908028218,62.38147578290885,73.26922235833688,13.292934905869206,18.599926085536175,35.15422770129392,,,82.85297058674124,77.58321927487954,55.51202706216153,76.66604396542833,89.12187035168269,19.233276613323632,38.904702101686226,85.27681789149617,,,90.5131086863397,76.03456935273066,22.535504159058632,52.64181061513027,62.35968992248062,10.549185274592636,12.301854974704892,22.564102564102562,3.6363636363636367,0.0,18.815954553695533,16.091253720432356,0.9081642860127456,0.34216297464455564,0.0296618787955098,0.09981342381794804,0.028018816084249682,0.0010373869429171805,0.0018451742061529927,0.0
26,DMCAL-b0.2-,0.19752364022715846,82.70884803141956,0.0,,,44.577303878600034,1.7890838755559941,46.8125,9.757563782558362e-05,89.7914498414739,81.65222866248418,94.14508849941289,88.68357862851428,57.29310373329412,72.90709631888521,75.3795210783959,59.162880808324736,24.415586304758776,21.033265312560786,,,93.34908939594699,86.87125203531693,77.47618170717138,83.5253263804992,84.02364351108731,76.59803021538367,37.21310365885275,44.80048173481581,,,94.95704239927225,90.57478611746845,45.53154798133495,64.74203295137109,69.04806201550387,48.34037417018708,18.271500843170323,14.30769230769231,0.0,0.0,6.807252069861606,10.018756200720588,0.65032940011573,0.273920114333588,0.05788303776380912,0.02962984445540056,0.044769720355307574,0.0050904336036168615,0.0017728144333626795,0.0014351199169318823
27,AL-FixedUncertainty-LB-b0.25-,0.24972051408524593,72.14204867395185,0.0,,,28.338679135354027,5.016443863405749,31.5234375,6.74041180496311e-06,72.44025272521381,49.63721087543068,79.28986521516522,69.15282992522148,21.923545358799327,45.67799564279215,55.41584074573378,16.344504713554162,14.921381996912848,26.8106876197814,,,77.0912739338926,68.39083390607082,55.97625881443396,61.708668087166004,81.2319421655423,29.126762604755395,33.13195464729092,95.90799587953288,,,81.93042071976242,70.35562429728388,13.66707242848448,37.50926401003363,42.731782945736434,11.846710923355463,9.704890387858349,15.64102564102564,0.0,0.0,24.526790354747085,24.31202548169808,0.5377521781685531,0.6405514624350097,0.049674566815500684,0.06820181162572625,0.028622669879168856,0.00015681430532469006,0.0003376789396881294,0.000325615443337486
28,AL-VarUncertainty-LB-b0.25-,0.2504523028795189,75.77380375868961,0.0,,,32.475509569423494,4.37163254319605,31.7171875,4.652950217455834e-06,76.11855267902475,56.26585096483309,83.3818651573686,71.96579089694715,27.5688822466151,49.01952492513469,71.23103259152944,32.6252483224536,17.357715876060837,23.768241071587966,,,78.86911881057246,73.51020403989392,55.65027536685547,63.956348653271014,92.63146858661126,48.826615069329975,36.735578313465496,89.17274353356797,,,88.44724517840038,70.49114506343707,18.32496449584094,39.75086939171085,57.91627906976744,24.544357272178637,11.382799325463742,13.897435897435898,0.0,0.0,23.812799903305734,18.591196282178476,0.7289979728249654,0.484673385407683,0.0181240132885217,0.05136886981236042,0.028296588829912504,0.0004463176382318102,0.00042209867461016177,0.0
29,AL-RandVarUncertainty-LB-b0.25-,0.2504524234775404,76.81677872393131,0.0,,,31.375323050308243,4.636199958633556,33.0890625,4.274296225048601e-06,74.63858581936105,53.5840462383177,82.30661056514329,69.95116577957828,26.351833928414578,48.55045827707581,66.09319251114685,21.678930432738632,17.64616996514124,28.560718624198408,,,77.42631077414345,72.24952316944832,50.99384998509053,60.40483735426077,86.27883964289789,34.014685018041504,28.63643661210754,83.740473529425,,,87.84502052819799,67.7962251659409,17.770338811117874,40.605438686505906,53.621705426356584,15.956547978273985,12.82462057335582,17.333333333333336,0.0,0.0,25.728047380189764,19.059683567437737,0.8530722274487857,0.5768794815563169,0.03363293848731682,0.06271569850062353,0.04654505051236994,0.0007599462488811902,0.0004823984852687562,0.00018089746852082548
30,AL-SelSampling-LB-b0.25-,0.24943035524559182,77.01356778613257,0.0,,,31.81284051625321,4.597378317022521,35.603125,4.645652810318601e-06,74.9008865160558,54.04051870735956,82.46087087928548,70.22029279192301,27.488394075518322,49.17795312181984,66.54474585247137,22.305318676971364,18.897470270688018,29.99508760463375,,,77.35580493685781,72.86648615379428,52.49746248419065,61.831126646846904,87.68963131313572,39.08138586276867,27.19073892641805,84.77060524130866,,,88.29428242757373,67.76911530537117,18.62928585920065,40.855709480645345,53.665116279069764,15.678937839468919,14.620573355817877,18.615384615384613,0.0,0.0,25.97386837493201,18.472998799018324,0.8426261349837738,0.5466697878422,0.029746627020639828,0.049048751486325794,0.05676225672240236,0.0008323220821079702,0.0012301161374353284,0.0
31,AL-FixedUncertainty-BOLE-b0.25-,0.11028351388867112,54.9924842996364,0.0,,,16.345445011725925,8.867385048269524,37.5375,5.390168749727308e-06,49.905788825628534,11.250860693647837,40.85808831954954,57.30107663423674,15.41029115407927,20.150992086205047,21.269619142422595,6.535943639838701,6.651098214984063,,,,64.01395428038737,45.99460691541479,50.07870006712412,79.82258982264105,95.93689442767997,21.834027211073828,42.37077036100861,,,,32.85503193542642,77.30490888233179,9.40657334144857,12.040362579100393,12.158139534883722,7.55582377791189,3.979763912310287,8.153846153846153,0.0,0.0,20.343288813682236,67.10421387917079,0.48895309894412164,0.09734371534879135,0.003934739023894157,0.6242689210483067,0.01161814701424491,0.00013268902758243006,7.235977279031346e-05,2.4119662469443398e-05
32,AL-VarUncertainty-BOLE-b0.25-,0.2504526646735833,76.54926556374825,0.0,,,33.571284715722776,4.575195370946619,56.7953125,1.1838517219681913e-05,74.43441336901427,53.93849081755077,81.44817977520484,70.4018984518758,39.92769906605021,51.493526586793244,74.20201350823666,28.715254299524553,19.627866643105804,21.63489060894453,,,79.16078334499204,70.75025846862277,47.09309196966249,74.21890765815,95.90913414812545,45.14723403941862,36.1903100788973,88.72486207748629,,,83.88286172225084,70.07293979328018,34.73879082978292,39.42876688900291,60.58294573643411,21.08026554013277,13.516020236087687,12.410256410256409,0.0,0.0,22.202598658367076,21.204052007728055,1.9526595751415918,0.2959983244215558,0.010072931901169044,0.05115135871929468,0.03450420584168161,0.0004101297216184202,0.0004341586367418807,7.235898740833022e-05
33,AL-RandVarUncertainty-BOLE-b0.25-,0.2504523028795189,76.8832864605672,0.0,,,33.96202464831908,4.593742365080983,57.9296875,8.688473815305366e-06,74.18739244163962,53.661192936431725,81.28833577114251,70.07344924290211,40.68035884303838,53.34762621092987,75.1132054337728,21.26423547982767,20.14657071802454,27.290397999681772,,,79.30536826690269,70.42007019368772,45.70081202270538,71.72542300339816,95.43195624030825,36.672777122430496,35.22636264037334,87.58238074884972,,,83.37511972776673,69.73332458208009,36.6661594643944,42.46850236588564,61.937984496124024,15.009052504526252,14.173693086003372,16.256410256410255,0.0,0.0,21.855345379827156,21.44170017231476,2.1760919965205017,0.3619003030825716,0.011562079285596676,0.05199723519232814,0.03781332463783869,0.0005548813880719802,0.0004582785610053184,0.0
34,AL-SelSampling-BOLE-b0.25-,0.2497121928217645,76.99693867267023,0.0,,,33.86870306050449,4.623337463227719,59.3359375,9.653097316105331e-06,74.06932697862159,53.40413432775269,81.18436943701042,69.89791066230123,40.2871785040166,53.65728507684376,73.6514997706509,21.31680487341053,19.571298867882803,30.474232606771267,,,79.0288082231634,70.3723082220892,45.74223926944726,72.6074850290394,95.1654774854324,37.140080200857696,34.160306151173074,92.42068965517242,,,83.46454854810528,69.43357513426515,36.02023737066342,42.558006955133685,60.08992248062016,14.966807483403741,13.743676222596964,18.410256410256416,0.0,0.0,22.251670997763945,21.398026212730407,2.135029356685309,0.3473129142744499,0.011925285964725366,0.05034173409510553,0.03815148276299342,0.0004101297216184201,0.0004944584474004751,1.2059831234721699e-05
35,AL-FixedUncertainty-DACC-b0.25-,0.002073682979157044,50.650675616000164,0.0,,,11.17927096932608,9.450237566263636,9.621875,4.863968060817569e-07,46.85414031097405,5.1995799486858045,35.88608577066841,56.32105669794462,0.09780391500224425,1.487817222746618,4.983224579499382,2.762446148911412,,,,,57.95433871228322,43.742625862971536,59.91926703204898,61.681786341259944,99.8294069250236,3.133373419780578,,,,,26.541925174357324,79.31540467887658,0.048945019273686344,0.7981300952055184,2.6139534883720934,2.474351237175619,0.0,0.0,0.0,0.0,19.489188372514654,74.7440864706804,0.0016966986549231482,0.11449375354212354,3.6320667912869134e-05,0.1528740465763754,0.0,0.0,0.0,0.0
36,AL-VarUncertainty-DACC-b0.25-,0.25045206168347595,67.70051043934757,0.0,,,31.85073761978588,4.63691362269004,18.7140625,1.0252969190737026e-06,74.21990566822761,53.35404772787315,81.46505061884707,70.0914207279786,34.496519153546444,54.875304253201854,66.70784397238376,11.479040263873511,18.763546302027397,29.44789298917567,,,78.43647615421196,70.94062123376305,45.27453417197243,74.80925706487646,95.19445161245758,12.084169590549552,34.82319652988126,83.8706070044905,,,84.73695990142615,69.26241203563663,27.864678433759387,43.3304828687076,51.37674418604651,10.941460470730235,12.892074198988194,18.102564102564102,0.0,0.0,23.399915392518285,20.76614276016918,1.6817195914248344,0.31541532168642045,0.01019400079421194,0.15931479172104443,0.03473367028375089,0.0011097627761439605,0.0003497389018198482,0.00024119662469443398
37,AL-RandVarUncertainty-DACC-b0.25-,0.2504524234775404,69.14167712075373,0.0,,,32.7312207597309,4.612661296186433,19.1015625,1.0380021703895181e-06,74.21170500276773,53.48226332703856,81.66753281499216,69.9165018457252,34.24052646600315,56.23664533644238,68.90472271652412,10.274613308509707,18.406272539954813,34.82817436380178,,,78.68257472624227,71.07214351689277,42.710951812272285,70.8632951499997,94.59964670647231,11.342814130968012,31.42872904621341,88.56425324687197,,,84.88794924986644,68.79800585572988,28.57704402515724,46.61706858217888,54.2077519379845,9.402534701267351,13.026981450252952,21.794871794871792,0.0,0.0,23.101589411978004,20.49553548117592,1.9140660117072208,0.41428677032254885,0.012082675525681135,0.1473033458039693,0.040796362384739396,0.0007478836100100602,0.00020501935623922144,0.0
38,AL-SelSampling-DACC-b0.25-,0.25044494640020937,68.61959270581536,0.0,,,32.52923709392474,4.678280298898832,19.678125,1.060245620060919e-06,73.8423373826129,52.82304964017057,81.29642648490612,69.5663448976225,34.11258113716816,55.48803519630301,68.05348240894895,10.809193596491586,18.709422640608814,34.42527639994825,,,78.44199614608694,70.56069036004592,42.40520421898671,70.65339755962347,94.48133363578947,12.24015481419961,30.963628571518605,86.28405809930082,,,84.3665378339743,68.59973289653166,28.536214242239804,45.687817114189606,53.19069767441861,9.686179843089922,13.532883642495785,21.69230769230769,0.0,0.0,23.29002236054874,20.948608427758337,1.9354140261266266,0.4104674371042062,0.012167423750811163,0.1395212822520615,0.044057172877302944,0.0009408858319481402,0.0013989556072793931,0.0002050171309902689
39,AL-FixedUncertainty-ARF-b0.25-,0.22885054407797387,74.8317380448161,0.0,,,21.392041511992407,5.044283040491151,41.0375,4.647567590452835e-05,69.30890097817056,49.49223905053468,77.34956154384348,65.50119010469284,9.362911682574795,36.529923475913186,4.55768865518821,24.682850791552152,2.02350046314549,21.229909731004348,,,76.63776042256151,73.87362861651431,66.46922006373009,79.85597644498424,42.11531054440171,80.42778706128364,26.59072769743445,82.62580156824318,,,83.73386984207967,62.42607569073071,5.063146682897139,32.28208197936264,2.4217054263565894,14.683162341581175,1.0539629005059021,12.256410256410259,0.0,0.0,25.345669909953465,16.233220197378728,0.12369439671600177,8.716396027893452,0.012506416651331273,0.0068395154819562475,0.0038284330597875642,0.0006755077767832803,0.0,0.0
40,AL-VarUncertainty-ARF-b0.25-,0.25045194108545443,78.08692435006978,0.0,,,25.98581526000468,3.9102494904556275,44.9375,5.802811373723672e-05,78.9613374802973,60.903807093837415,86.17579061373559,75.80662941040464,11.428546337762352,43.307284210247275,6.228846496475473,55.530414057971655,3.073647642711021,22.223970024470454,,,81.64791065786332,75.31894996104123,73.13906051817321,89.97759580687902,57.50583635438566,93.9594722570748,36.27570473148246,78.1832226660868,,,91.23609593623505,76.30147306421328,6.200294177317915,28.541132204549335,3.2961240310077513,39.5956547978274,1.6104553119730187,13.076923076923077,0.0,0.0,20.599625309723816,18.300955563678137,0.1138814007640209,0.06858783234359214,0.009394946100128818,0.0051115106870450394,0.003961280894669782,0.0009167605542058803,6.029981065859453e-05,0.0
41,AL-RandVarUncertainty-ARF-b0.25-,0.2504526646735833,77.39635322303708,0.0,,,23.072610729256056,4.4742546735961835,44.753125,5.3330592503900536e-05,76.1449757055286,55.45262286821171,83.95127363222878,71.73725919260602,10.529814013675198,40.416823677037215,4.833057801887058,33.46426098204571,2.4908510730683213,22.00652784486256,,,77.6710517128522,73.80371569598015,67.76617017265387,88.11529992146612,46.0437942052102,85.7810720898112,27.804322156911088,80.00184128443291,,,91.33717264382975,69.78463356029519,5.709575978900385,26.231685764779662,2.5519379844961243,20.881110440555222,1.3069139966273187,12.923076923076925,0.0,0.0,26.376406599383575,18.12972690721111,0.13562193502150627,0.07644826651553607,0.011719468846552441,0.006924103129259592,0.004927446966540462,0.0007720088877523202,0.0,0.0
42,AL-SelSampling-ARF-b0.25-,0.25045025271315396,77.5142937285356,0.0,,,23.15991806479409,4.445789026617456,46.0625,7.14139223273378e-05,76.26885399318138,55.72001595937586,83.9940664019618,71.99596233422164,11.51307322120451,40.62204426644283,5.174717719448812,32.545062847884566,2.432761112676491,22.517583660989068,,,77.92586997035608,73.77526848365622,67.79995106699263,88.12148568331432,47.61823443096301,86.03341704414153,32.695457199486725,75.1173869224882,,,91.08760943960185,70.30114774588644,6.293619395414892,26.402713642323697,2.737984496124031,20.12673506336753,1.2647554806070826,13.384615384615387,0.0,0.0,25.91880099111621,18.290428698240298,0.14856242774786044,0.07684252026710692,0.01179211018237818,0.0065615846408166815,0.0037801247561940303,0.0010494495817883103,6.029981065859453e-05,1.2059831234721699e-05
43,AL-FixedUncertainty-MOOB-b0.25-,0.2383082027156262,63.57163470568562,0.0,,,28.66459628530875,5.88299177643015,36.484375,2.401767575712357e-05,65.571520053642,39.81400634281219,70.61717226019906,65.73042369530707,29.403036857382073,41.680419929271636,46.16298137721752,13.155647163605892,11.168452709030491,9.14758146713389,,,78.29833784775077,59.77502508866311,41.84592685807741,47.431578661344,60.99233606062025,13.3913549500883,15.896031138896856,42.22866929843413,,,64.65583381064002,73.36156563725294,23.698518969364983,38.41457157516676,37.81085271317829,32.51056125528063,10.809443507588533,5.384615384615385,0.0,0.0,17.50054994863117,36.72850503890136,1.8161133192110603,0.9338639331739891,0.09632241130492894,1.607648656748161,0.1443452111374794,0.002135087080190011,0.000385918788215005,4.8239324938886796e-05
44,AL-VarUncertainty-MOOB-b0.25-,0.25045182048743303,80.40996072999135,0.0,,,38.29249093581709,4.671781835483869,39.6203125,2.2236096468986945e-05,73.25041817363946,52.4552079878251,80.67542861569686,69.47516863198881,37.456150149128284,50.106524445315166,60.4175730741448,45.013302366212066,18.594015818923047,18.56151477221834,,,79.33756020110107,70.12304810113987,44.77003933703051,47.30735078605842,63.20502219989468,42.53704653344077,15.519556452579081,29.21641052606043,,,82.07233723040194,68.86055829190755,32.21064110367215,53.31509035972863,58.63875968992248,48.19553409776706,23.785834738617204,15.846153846153848,0.0,0.0,21.503910074333717,21.461020312255236,1.9852893694232112,1.2866347978217478,0.13951979234263465,0.1314371199597846,0.18987578727438512,0.013666969840990292,0.005716422050434761,0.0007477095365527455
45,AL-RandVarUncertainty-MOOB-b0.25-,0.2504514586933687,81.925561107839,0.0,,,38.19931063353105,4.99018062438967,40.4828125,2.2969093167274778e-05,71.06146760556246,49.07048720948428,78.89569404268214,66.98028658132645,39.41724668787664,48.43957469956047,48.15229522202639,39.73376414683727,17.531113131776696,19.584806694000623,,,78.16231959188511,68.0220565005361,41.33838574092117,44.1169951225112,46.509594478728886,36.25857562919963,14.02167030793907,19.101512116029546,,,79.65366788119154,65.98445891571973,37.70592412254007,53.78427683712446,51.54728682170543,44.230537115268554,24.266441821247888,24.82051282051282,0.0,0.0,22.373312382909283,22.695817450785857,2.6778336450278504,1.477860187763349,0.2550074094162542,0.1563421401158126,0.2246939970894247,0.033956328422230966,0.005535522618458978,0.0014471797481666042
46,AL-SelSampling-MOOB-b0.25-,0.2504512174973257,80.92795412793248,0.0,,,37.98704439290989,4.978669415302845,44.8078125,2.546532854062712e-05,71.09130355607387,49.138483799594184,78.974180892053,67.05733564689882,39.35829836878561,47.09482197929657,47.515939284376486,39.93586112774149,18.17349116175823,22.212665257871258,,,78.35890344945867,67.96402569186145,41.46695985033695,42.65214463043485,46.37444410489755,36.918420415387416,14.540569821996792,23.908699043051023,,,79.60397183329081,66.19043678265882,37.61361330898762,52.60760503962147,50.65116279069767,43.705491852745936,25.4468802698145,24.05128205128205,0.0,0.0,22.089466368526015,22.829074199780695,2.6667671179800676,1.5340659882216694,0.25200490086879035,0.15092853068839845,0.23181947186947097,0.025633107601151263,0.00594556133093742,0.0009889061612471796
47,AL-FixedUncertainty-MUOB-b0.25-,0.25045314706566923,0.0,0.0,,,10.0,10.0,7.5140625,2.6959467989703023e-07,50.111613468869436,0.0,66.76580487126897,,,,,,,,,,50.111613468869436,,,,,,,,,,100.0,0.0,0.0,0.0,0.0,0.0,0.0,0.0,0.0,0.0,100.0,0.0,0.0,0.0,0.0,0.0,0.0,0.0,0.0,0.0
48,AL-VarUncertainty-MUOB-b0.25-,0.25045314706566923,0.0,0.0,,,10.0,10.0,7.56875,2.7155679547124445e-07,50.111613468869436,0.0,66.76580487126897,,,,,,,,,,50.111613468869436,,,,,,,,,,100.0,0.0,0.0,0.0,0.0,0.0,0.0,0.0,0.0,0.0,100.0,0.0,0.0,0.0,0.0,0.0,0.0,0.0,0.0,0.0
49,AL-RandVarUncertainty-MUOB-b0.25-,0.25045314706566923,0.0,0.0,,,10.0,10.0,7.553125,2.709961910214689e-07,50.111613468869436,0.0,66.76580487126897,,,,,,,,,,50.111613468869436,,,,,,,,,,100.0,0.0,0.0,0.0,0.0,0.0,0.0,0.0,0.0,0.0,100.0,0.0,0.0,0.0,0.0,0.0,0.0,0.0,0.0,0.0
50,AL-SelSampling-MUOB-b0.25-,0.2504524234775404,0.0,0.0,,,10.0,10.0,7.5421875,2.7060376790662606e-07,50.111613468869436,0.0,66.76580487126897,,,,,,,,,,50.111613468869436,,,,,,,,,,100.0,0.0,0.0,0.0,0.0,0.0,0.0,0.0,0.0,0.0,100.0,0.0,0.0,0.0,0.0,0.0,0.0,0.0,0.0,0.0
51,OALDI-b0.25-,0.3031609947407202,83.68088613501543,35.6560786362107,,,43.411919234244515,4.4163636478194945,20.1171875,3.3637560490104894e-11,75.55949643090155,55.75253673585244,82.78131969216325,70.91729689298214,33.62178969617287,62.82432084399428,78.19236482301753,30.344600929196616,25.039955661535913,54.369749346347795,,,78.68470272095797,73.30730522247697,47.170313602582624,71.62765648824166,95.32736096559553,34.31851587599532,44.77776164158709,80.98956726612727,,,87.3281575641476,68.67860832244182,26.125228241022523,55.956330881933766,66.33798449612405,27.459263729631868,17.46205733558179,41.58974358974359,8.181818181818183,35.0,23.762808968393067,18.303712599864237,1.461085456633522,0.4794002414804227,0.012881730219764256,0.10755923552101157,0.03102600798294717,0.002617592635035211,0.001941653903206744,0.0006029915617360852
52,OALE-b0.25-,0.32848513207292324,85.02559034803367,0.0,,,36.634554151278806,3.482345260839196,33.9640625,8.655220477117431e-10,80.80371345427707,65.09145132702348,87.15069930265568,77.64534623666175,35.93921511605512,63.980267270997146,75.65014916147128,14.452436800774484,20.47126382894611,37.96602284558949,,,83.24779739396735,78.92718151208788,58.501968196580584,77.50438112810164,90.47030256939436,22.21024409800209,44.66484526823492,87.67520073084098,2.607466063348416,,91.44157044324545,76.41156763482161,25.960641103672145,54.53223875491706,65.24961240310077,10.971635485817743,13.372681281618886,24.769230769230766,3.6363636363636367,0.0,18.497612860337224,14.922186830974884,0.9240803323503455,0.3425449079663898,0.027882166067779206,0.08119205746159722,0.024299076707547572,0.0009408858319481404,0.002641131706846441,7.235898740833022e-05
53,DMCAL-b0.25-,0.23740974745568325,83.14012035119349,0.0,,,47.33654768522935,1.4057326669507209,49.565625,0.00010456724414446702,91.95081771488455,85.56328129850539,95.6796670408996,91.09277194435947,63.9989139487344,77.96044164882237,81.33321628491099,59.96940406224803,30.082467684715503,21.35782959884253,,,94.88099335100523,89.5346201788502,82.45226984637333,87.05743751010152,87.78115327141118,78.88600545456333,46.13644264687391,46.92034936998036,0.0,,96.49367307942222,92.70707652970955,52.469314262527895,70.62140128841,76.19534883720931,48.50935425467713,22.369308600337266,14.000000000000004,0.0,0.0,5.238049193207228,7.932828572920473,0.541259532850745,0.22616612867456815,0.04511026954778347,0.026222170664037196,0.03747516651268394,0.0038479817998904715,0.005752601936829919,0.0006150513929708068
54,AL-FixedUncertainty-LB-b0.3-,0.3001119149639232,70.86408866672487,0.0,,,28.197315075891066,4.81767197499056,34.059375,1.2214902781933132e-05,73.68972058644407,51.76763817568286,80.21952298762278,70.62024401943727,22.44756319876389,47.39934367094908,60.32510409898572,17.25318224125872,14.232674132280556,20.56484828943389,,,77.92788022420123,69.57695683569855,58.88866516113878,70.90092013540274,93.37132010453904,37.051295293612185,40.85404832118857,88.01529696615904,,,82.97550574452622,72.10709251025894,13.968096977074458,35.867966478536005,44.995348837209306,11.496680748340374,8.870151770657673,11.692307692307693,0.0,0.0,23.669692391370035,23.602422849981725,0.4937646324431574,0.3298425449079664,0.013293364456110105,0.046209023326856336,0.019854712776942448,0.00034981652726277015,0.0011215764782498581,0.00016883763728610382
55,AL-VarUncertainty-LB-b0.3-,0.300422093075141,76.321836715601,0.0,,,34.37701487803069,4.042398830675523,33.675,5.865118356369849e-06,77.90532090530522,59.577482814026794,84.76477358929398,74.22935038485578,30.038522353973967,51.8681112966352,76.13571625731126,34.82865223781922,19.97811762372006,28.289388012605173,,,80.54903647329914,75.33766947151611,59.712754271092614,68.25207851462162,95.7697736619027,53.79787048380788,40.53794527825199,88.54830143913938,,,89.45303061661603,73.16306438449203,20.068725907892066,41.831708568496666,63.23410852713179,25.799637899818954,13.296795952782464,16.92307692307692,0.0,0.0,21.71192361153079,17.5290272048457,0.6760964281960928,0.42090284109109727,0.010944627931077902,0.04460185802809276,0.02838112836120118,0.0005186934714585902,0.0014351354936745497,0.00015677780605138206
56,AL-RandVarUncertainty-LB-b0.3-,0.30042257546722695,77.71893514144213,0.0,,,33.14527058322141,4.379456710094151,35.46875,5.928669816866103e-06,76.03266276813461,56.172427711819964,83.3954742323975,71.69179825236917,28.3922270340069,50.97651448100565,70.63703067624814,24.333759783885846,19.66471184925791,34.58697636416123,,,78.69610562120008,73.72600566224608,54.136369982395685,63.152160362713815,92.39191709968796,41.109616776428936,29.567813741909397,86.63856292500078,0.0,,88.69250058961413,69.76782544674197,19.248326232501523,42.75012827090816,57.1937984496124,17.344598672299337,14.814502529510964,21.641025641025642,0.0,0.0,24.118861425031724,18.197712913163805,0.8146432691078024,0.5395855407436612,0.018475113078346102,0.05090967972699941,0.05149665163070718,0.0008081968043657101,0.0019054740168115872,0.00016883763728610382
57,AL-SelSampling-LB-b0.3-,0.29950193017133364,77.56427821107454,0.0,,,33.14182744716778,4.401638290982044,37.9546875,5.4952254415386255e-06,75.95527501775805,56.00883655758781,83.28213790473235,71.53628070649123,28.908797937719708,51.761717447582456,71.35284341060208,23.13008064599823,20.32710256371533,33.113341152921976,,,78.40130719986847,73.84836401008212,54.06286110662952,65.58392543124873,91.55828669996711,40.74272775379016,30.860155342700843,85.70717307657128,0.0,,88.81730625761082,69.37319148693305,19.734226009332524,42.76495068696198,58.54883720930233,16.234158117079062,15.22765598650928,20.71794871794872,0.0,0.0,24.58676497250257,17.984752754425358,0.8376120106005681,0.48556045634871736,0.021719759411895745,0.04759867753255416,0.04941939457618521,0.0008805726375924902,0.0019175339789433063,0.00015677780605138214
58,AL-FixedUncertainty-BOLE-b0.3-,0.07908745889114943,53.134180518894624,0.0,,,13.689542630384793,9.23658266355553,32.4734375,4.647259432305065e-06,47.22215723328843,7.489757931012251,25.808533700065976,59.30503033885816,10.181991391370854,12.702619360634444,15.943886860692027,7.804524165802877,2.3338956588484967,,,,66.89528159491488,44.31980287409571,53.10683429522301,88.82237495028858,99.27364906919351,46.822223020972544,40.8432490444045,,,,17.265778796032016,90.16719649797675,5.727328058429702,6.911236531554643,8.725581395348836,5.021122510561254,1.2310286677908937,1.846153846153846,0.0,0.0,8.736326826615096,83.28722259934207,0.24813584731738017,0.017458048936746913,0.0002421377860857943,0.07353083340583703,0.0027294191530346673,0.00010856374984017003,2.411992426343782e-05,4.8239324938886796e-05
59,AL-VarUncertainty-BOLE-b0.3-,0.3004224548692055,77.11490654511589,0.0,,,34.227413686508285,4.4639044610736285,62.865625,1.3877974037313835e-05,75.10733826900835,55.12319344668126,81.95419949907358,71.11749617040826,40.92044556151004,54.219573782905556,74.49607317013994,31.665403177127512,20.677623424422716,20.719753956793728,,,79.50578808235407,71.60220561875732,48.74806608169187,77.22277224546687,95.38408696179926,51.12134954209014,40.108661873908396,85.63723494158278,0.0,,84.57102563979149,70.6545747176294,35.28606208155813,41.78154039108375,61.14418604651163,22.951116475558237,13.988195615514334,11.897435897435898,0.0,0.0,21.91841421405693,20.51251631768576,1.8541244338534433,0.2663923317645319,0.01147733106046665,0.043937240799280755,0.030228920973653862,0.00048250555484520026,0.00143513549367455,3.61794937041651e-05
60,AL-RandVarUncertainty-BOLE-b0.3-,0.3004216106830552,77.8127915525599,0.0,,,35.20512952880083,4.468140685219332,65.3328125,1.0409202520450994e-05,74.93106014102736,54.97613721048216,81.8453471195635,70.90093356052252,41.56863538524636,55.870020712794954,77.2984283711928,24.1599346021981,20.335438389571333,32.53648709047164,,,79.7470567445539,71.3378594724565,47.2033407902729,73.97756107312414,96.4358871885496,42.38565387731994,37.16095260354752,88.29052385093841,,,84.0597940923071,70.47148328035021,37.14724081963887,44.890257111909236,64.50232558139535,16.91611345805673,14.06408094435076,20.000000000000004,0.0,0.0,21.44843173989243,20.72428593807112,2.075214398134138,0.34149767143877974,0.009322304764303081,0.04619693937724158,0.03435928093090101,0.0006634451379121502,0.0013386557966207986,9.64786498777736e-05
61,AL-SelSampling-BOLE-b0.3-,0.300145561811913,77.95969946893092,0.0,,,35.05117892722611,4.478732812589624,66.9328125,1.095498945990888e-05,74.84433810378907,54.84478311108459,81.76131641689128,70.84389986544608,41.64057794878204,55.81302991894144,76.89081649854408,24.56549082779526,19.39818793506018,32.156672430195485,,,79.83647016493377,71.10698071619815,46.87013112033001,74.82901339924196,96.92713072780118,41.78991821870511,36.685355392764365,88.34540348885346,0.0,,83.78265138643552,70.58448859388287,37.47311827956989,44.51969671056382,63.739534883720935,17.404948702474353,13.212478920741987,19.7948717948718,0.0,0.0,21.25649362422191,20.992929873113678,2.121848287284003,0.324335312815711,0.007905798715701181,0.04855330955212049,0.03294626305079014,0.0006513824990410204,0.00165221481204549,1.2059831234721699e-05
62,AL-FixedUncertainty-DACC-b0.3-,0.002073682979157044,50.650675616000164,0.0,,,11.17927096932608,9.450237566263636,9.6359375,4.87084397011333e-07,46.85414031097405,5.1995799486858045,35.88608577066841,56.32105669794462,0.09780391500224425,1.487817222746618,4.983224579499382,2.762446148911412,,,,,57.95433871228322,43.742625862971536,59.91926703204898,61.681786341259944,99.8294069250236,3.133373419780578,,,,,26.541925174357324,79.31540467887658,0.048945019273686344,0.7981300952055184,2.6139534883720934,2.474351237175619,0.0,0.0,0.0,0.0,19.489188372514654,74.7440864706804,0.0016966986549231482,0.11449375354212354,3.6320667912869134e-05,0.1528740465763754,0.0,0.0,0.0,0.0
63,AL-VarUncertainty-DACC-b0.3-,0.30042209307514106,68.19394521460208,0.0,,,32.61057102413884,4.529770219419573,20.396875,1.0585563140921295e-06,74.83975537897325,54.477933075706915,81.89596685508583,70.804108563249,36.024965320298236,56.45801854278371,68.73097319891892,13.152006431704896,19.325296463016418,30.905604850503018,,,78.87893503908148,71.62768618760138,47.27202206980724,76.41220994340827,96.18419496911676,14.7782557809726,37.03256489448262,93.74235941516194,0.0,,85.15308308024046,69.99940072939793,29.10199837695273,44.7716777834787,53.479069767441864,11.882920941460473,13.153456998313658,18.564102564102566,0.0,0.0,22.903148606998247,20.29443893269281,1.620803044940989,0.29880738240149823,0.008281112284134164,0.13808329224790464,0.03263225907743218,0.00031362861064938006,0.0010733366297229826,0.000120598312347217
64,AL-RandVarUncertainty-DACC-b0.3-,0.3004222136731625,69.8068310699644,0.0,,,33.83717756729537,4.482835351721684,20.809375,1.1160654216332154e-06,74.93335150343523,54.806162747783006,82.22075467707342,70.74187057678407,35.688491451814464,58.0906759278116,71.15056758636265,11.34036008407162,19.006754242618108,38.5144314735832,,,79.24435682083057,71.93032535551701,44.18157687830101,72.65489103379355,95.80622012233326,12.743143875412482,32.32585538958331,89.02998745091199,0.0,,85.429527875512,69.59215355025026,29.93812132278353,48.39290804401118,56.604651162790695,10.223295111647555,13.524451939291733,24.666666666666664,0.0,0.0,22.475808303619992,19.87706125006527,1.8889574040004102,0.3937362935219181,0.00969761833273606,0.1400650599847259,0.040772208232942635,0.0007599462488811905,0.0013024759102256418,0.00019295729975554718
65,AL-SelSampling-DACC-b0.3-,0.2941916374919953,69.18273012606988,0.0,,,33.56295052386516,4.563912997918451,21.159375,1.1399367164509992e-06,74.48606550160937,53.99720880291545,81.81397132849985,70.2555227967707,35.4430706425235,57.20404856747085,70.16916804352795,12.020235188413515,19.704263563089846,36.52959648685987,,,78.88980800252199,71.37325836111167,43.750892279857055,72.75324523556625,96.06855926019423,13.209594477678795,32.25533643082381,82.89180214549636,,,84.96332359467277,69.17246437193587,29.78951105700953,47.135283051137336,55.28372093023255,11.04405552202776,14.24114671163575,23.999999999999996,0.0,0.0,22.837178944823833,20.306594955876978,1.9124959323549036,0.38171155409900703,0.008874349860044359,0.1461795384897963,0.043417087854688625,0.0013751408313088206,0.0012180561753036096,8.441881864305188e-05
66,AL-FixedUncertainty-ARF-b0.3-,0.3004229372612914,77.57895712065704,0.0,,,23.391019042703544,4.416663257303755,49.2828125,7.509454980350305e-05,76.498629403486,56.09905454837203,84.30270319297692,71.9427439291564,11.559956152890157,42.61618151756224,5.571455721893428,32.120932852565666,3.76098178848743,22.35328811463159,,,77.62855959541861,74.68144424783432,69.32292709861039,88.24142128759858,43.59186314861027,87.76799884983123,32.719662412199426,79.73587285251251,,,92.23256787782233,69.39801841187582,6.307821059038345,28.094749444159397,2.9798449612403104,19.77066988533494,1.9983136593591904,13.12820512820513,0.0,0.0,26.699268749622284,17.220301811915824,0.1392559090063044,0.08089594165044477,0.01484304628705919,0.005353189679340313,0.005941921342004675,0.0007478836100100603,2.4119924263437812e-05,0.0
67,AL-VarUncertainty-ARF-b0.3-,0.300420284104819,78.41945350877938,0.0,,,26.88515135192667,3.7822537462878514,51.2171875,6.090856607382495e-05,79.62055038525038,62.188974350057855,86.66916904759103,76.61226775711425,14.799717302161417,44.88948045059165,8.444540412630577,56.2682010698269,3.7441291475033167,25.733600205845995,,,82.32205841774272,76.00082183731793,74.47530092224522,90.01105114065817,61.075943547570844,94.0675156147415,37.26763989374835,86.10923771627765,,,91.50147042543668,77.23439470815522,8.218705619801177,29.903084202725047,4.54263565891473,40.24743512371756,1.973018549747049,15.230769230769232,0.0,0.0,19.738176104429805,17.850430786904077,0.14040814466002083,0.07172954192642239,0.01131994149951088,0.0050631748885859845,0.004782522055759859,0.0005790066658142402,4.823984852687563e-05,0.0
68,AL-RandVarUncertainty-ARF-b0.3-,0.3004216106830552,78.2634621797832,0.0,,,24.299480745844324,4.3225064706990945,50.634375,6.250704239290725e-05,76.93700321152532,56.99012169075614,84.57096742525886,72.71395377284054,12.885328302218719,42.86844945162129,6.095707821226407,35.83446225900467,3.7536373080878156,28.605312706950134,,,78.40903766579046,74.67931334664743,70.25154062450181,88.52672717949838,47.53335126462056,89.8126968296742,37.994513112307914,83.62077934355302,,,91.78482212906053,70.85059327789604,7.094998985595455,28.28573057408358,3.2589147286821705,22.456246228123113,1.9814502529510964,17.28205128205128,0.0,0.0,25.389037287725877,17.58216281134144,0.14979063498314066,0.07914644062784909,0.014116632928801803,0.005159846485504093,0.004806676207556627,0.0008081968043657104,3.617988639515673e-05,0.0
69,AL-SelSampling-ARF-b0.3-,0.3004204047028405,77.83216447609156,0.0,,,24.375223209736465,4.329990929855395,51.8578125,6.524941317750038e-05,76.88181755690115,56.91614782723212,84.46426525973853,72.68991026469106,13.67213200361292,43.853340054131145,6.268094840810057,37.25548416983126,2.985779629167107,26.75056490049614,,,78.41203387604517,74.55372675267853,70.30727434692326,88.14454914347678,49.12916232466891,88.40800183313891,32.27435756776658,85.17033252189745,,,91.52974783768045,70.91842500271098,7.573797930614729,29.19502878969272,3.3519379844961237,23.717561858780932,1.5682967959527823,15.897435897435898,0.0,0.0,25.31334985193691,17.717048718082605,0.15954032128381843,0.08481383830668013,0.013644464245934509,0.006186982202759009,0.004613442993182491,0.0006393198601698902,6.029981065859453e-05,1.2059831234721699e-05
70,AL-FixedUncertainty-MOOB-b0.3-,0.3004224548692055,67.76600512431156,0.0,,,31.948148104882552,5.06179002577903,38.3890625,3.218110348421356e-05,70.61817339824722,48.10809140807713,76.40308672093205,69.37026495112626,32.06529775703182,47.736806420886296,47.526117278111094,44.87179999398022,12.325193374840197,11.229827705102416,,,82.74157443717455,64.12242993837451,40.64561777273413,51.807196975099394,56.624378095466476,69.05112704466738,15.804036593931741,33.6921924567487,,,71.52399609170064,76.26839903431822,27.770846013390138,45.7887235619406,41.903875968992246,36.952323476161745,11.888701517706576,7.384615384615384,0.0,0.0,15.160331177857014,31.9803039005796,2.1549972207063077,0.9721681492250449,0.1330183927862311,0.054148178223756095,0.15484019009317465,0.003667042216823521,0.004426006102340839,0.0
71,AL-VarUncertainty-MOOB-b0.3-,0.30042064589888345,81.45101733991731,0.0,,,39.67030210267204,4.627781081063972,41.9671875,2.855006239971974e-05,73.48929873456495,52.912717599132634,80.8700112681589,69.65280808647333,38.353701441369225,50.9124931940441,61.868313767916014,53.088117845481705,22.26726537460017,19.958894247025412,,,79.60892346552092,70.2585919232595,45.13572947319457,47.826352647274504,67.82217450976023,48.95675556672181,20.682839069030145,27.517927141547126,0.0,,82.17692755687972,69.06548030111922,33.420572124163115,54.54535089219543,57.324031007751934,58.38261919130961,24.249578414839796,17.53846153846154,0.0,0.0,21.151072702000363,21.39746227351052,2.0392418542637154,1.2958504792647165,0.10816294904452428,0.12447676498168073,0.1343333152177195,0.014414853451000353,0.012711200086831728,8.441881864305191e-05
72,AL-RandVarUncertainty-MOOB-b0.3-,0.3004213694870122,82.20638630572064,0.0,,,38.97816984642432,4.831644384576785,43.26875,3.1012475755738306e-05,71.83040059044791,50.50223392143438,79.71395937497495,67.90631100777405,39.50126327544574,47.75416360543058,51.453407567111846,42.97646341370388,20.02032805834372,21.88475685754637,,,79.39682447930089,68.58033549306381,40.943366466326424,42.487545142544384,56.56677216044617,37.78835697276033,17.05952048748556,20.690253226691624,0.0,,80.03525651824434,67.25365697750738,38.23341448569689,54.659369477224786,47.739534883720935,50.0,24.578414839797638,27.282051282051277,0.0,0.0,20.87073185471687,22.52964336066002,2.767935940762425,1.6173520932410121,0.14772826329094307,0.16646848989298454,0.1729799580925466,0.03212280731381921,0.01091426572920561,0.00056681206803192
73,AL-SelSampling-MOOB-b0.3-,0.300418233938454,82.26941390857758,0.0,,,40.21010070027606,4.788918421796873,46.0015625,3.2651276903278704e-05,72.10716098991679,50.974240449211266,79.89313455159271,68.15236771633211,40.054887618788456,49.194625187110354,55.50040851023741,43.06905749032317,21.019314398549668,20.514985253220093,,,79.43574509743269,69.0156975638316,41.42373114571946,44.0120594454321,59.34755631274786,37.57247366407193,17.15569460043377,17.218981860590354,,,80.36813580858959,67.3248274956767,38.84560762832218,55.82920015962602,52.874418604651154,50.74834037417018,27.546374367622263,28.564102564102562,0.0,0.0,20.922559980661152,22.11832280298679,2.745435690689303,1.5408422245767934,0.14885420399624205,0.16979157603704453,0.19540708803584472,0.036923737584528944,0.009949468758668098,0.0010974446423596747
74,AL-FixedUncertainty-MUOB-b0.3-,0.3004229372612914,0.0,0.0,,,10.0,10.0,7.5984375,2.7262194392581783e-07,50.111613468869436,0.0,66.76580487126897,,,,,,,,,,50.111613468869436,,,,,,,,,,100.0,0.0,0.0,0.0,0.0,0.0,0.0,0.0,0.0,0.0,100.0,0.0,0.0,0.0,0.0,0.0,0.0,0.0,0.0,0.0
75,AL-VarUncertainty-MUOB-b0.3-,0.3004229372612914,0.0,0.0,,,10.0,10.0,7.640625,2.741355759402116e-07,50.111613468869436,0.0,66.76580487126897,,,,,,,,,,50.111613468869436,,,,,,,,,,100.0,0.0,0.0,0.0,0.0,0.0,0.0,0.0,0.0,0.0,100.0,0.0,0.0,0.0,0.0,0.0,0.0,0.0,0.0,0.0
76,AL-RandVarUncertainty-MUOB-b0.3-,0.3004229372612914,0.0,0.0,,,10.0,10.0,7.575,2.7178103725115455e-07,50.111613468869436,0.0,66.76580487126897,,,,,,,,,,50.111613468869436,,,,,,,,,,100.0,0.0,0.0,0.0,0.0,0.0,0.0,0.0,0.0,0.0,100.0,0.0,0.0,0.0,0.0,0.0,0.0,0.0,0.0,0.0
77,AL-SelSampling-MUOB-b0.3-,0.3004228166632699,0.0,0.0,,,10.0,10.0,7.6390625,2.7407951549523403e-07,50.111613468869436,0.0,66.76580487126897,,,,,,,,,,50.111613468869436,,,,,,,,,,100.0,0.0,0.0,0.0,0.0,0.0,0.0,0.0,0.0,0.0,100.0,0.0,0.0,0.0,0.0,0.0,0.0,0.0,0.0,0.0
78,OALDI-b0.3-,0.35479877617127814,83.45420179704419,36.3761254345951,,,43.8773845555122,4.348846229381979,20.2203125,4.036054532561038e-11,75.88936819902533,56.42076675585656,83.03016194423381,71.26051904607338,35.33960401207572,63.7247993743346,79.43453006297761,34.882015687701724,26.605636842164067,58.064531413729014,,,79.01927045434628,73.72009429780051,47.838655151748945,71.55472391944707,95.36004069764627,39.963288368758356,45.7039923304102,75.41743486027488,,,87.47026660184922,68.96026550541342,28.02825116656523,57.44769397411777,68.08992248062016,31.09233554616778,18.87858347386172,47.8974358974359,10.90909090909091,20.0,23.328748413609713,17.993316275912484,1.526383030987542,0.49383978513170546,0.013111761116545759,0.09449648598745203,0.03255979662204187,0.004004796105215161,0.0015074952664648634,0.0004944530806235898
79,OALE-b0.3-,0.3757988714437151,86.02044195332911,0.0,,,38.452100573004664,3.3261299358815166,33.796875,8.835243837287029e-10,81.60449637663245,66.6439840162566,87.70036990368745,78.59163888304633,39.82014232522476,66.19023886948004,80.00871916022751,13.94133818113897,23.308107623928134,40.05648682554505,,,83.97158077328031,79.97069922832858,60.203176215553206,78.11567749853143,92.7279507130108,18.83179767134425,46.57475312918028,81.7280849565876,1.0252198440351752,,91.78109191723262,77.2665555637995,29.77302698316088,57.47220796989909,70.7906976744186,11.237175618587809,15.640809443507589,26.923076923076923,3.6363636363636367,0.0,17.589097721641387,14.19061145632082,0.9869974638153687,0.3456496562600103,0.02247038654876171,0.09656284137157661,0.026086483940508325,0.001544017775504641,0.0021225533351825277,0.00015677780605138211
80,DMCAL-b0.3-,0.27723893241807473,83.13059186410548,0.0,,,49.098887714475296,1.2395282143255355,51.9609375,0.00011735871535751763,92.89432839564833,87.27054581760683,96.32984555649155,92.16138207050246,66.98000816311468,79.96536257014462,84.44176400429072,61.925429960442,34.69104857660738,23.067785087436654,,,95.58579518775474,90.61226178158331,85.53215599224558,88.60494485486504,88.99902154344713,79.35837735496183,54.26599676077704,53.9515633055658,0.0,,97.08617511298931,93.76493182583484,55.078362751065114,72.89949261729662,80.7720930232558,50.85697042848521,25.556492411467115,14.974358974358973,0.0,0.0,4.505445095787757,7.111252676100465,0.46361657649262,0.20249858315058028,0.0427252123548384,0.026512185454791524,0.03134001195630514,0.0030759729121381508,0.008514333264993547,0.0003014957808680425
81,OALDI-b0.1-,0.14492167761495706,74.48492554701558,24.044928474012803,,,33.233200343240064,4.858400419190277,19.9921875,2.6891939342021943e-11,73.3911560646936,51.38541352895544,80.94475135583289,68.69386244024403,25.421606032084856,56.25394857911873,66.22450868102752,14.411430712914585,19.095293305705887,30.32119961921823,,,76.67184911893938,70.28500976887901,44.018141727351335,75.80350657651483,91.88480968721662,19.128382535958156,41.10671146387932,58.96453627351881,,,85.72289098636428,67.17538082219927,17.882176912152566,44.750014252323126,51.82325581395348,11.593240796620398,12.63912310286678,22.564102564102562,8.181818181818183,10.0,26.19962530972382,20.7882617095713,1.1351167240041076,0.3099573713131114,0.0182450821815646,0.0987379523022341,0.026690337735427498,0.004825055548452002,0.0023155127292900303,0.00022913679345971236
82,OALE-b0.1-,0.18539063508124085,79.74624057476561,0.0,,,30.873678709625153,4.261747799757312,32.740625,6.436991194883982e-10,76.66264271268366,57.27207214702496,83.81156892680016,72.92306610291294,25.240498474497038,53.40238718344701,65.5790406694709,10.175469303477554,18.92582843103542,25.90649641746682,,,79.85211072761281,73.58013082031906,51.184574205565305,73.91159919988952,92.54361076200057,16.556384232773265,44.62444560349163,86.33305436038812,,,88.1916414375996,72.28598905332368,16.79651044836681,41.87446553788268,51.04186046511628,7.688593844296922,12.335581787521077,15.794871794871796,2.7272727272727275,0.0,22.35153199975826,19.010975928149968,0.8032728557337652,0.31981371510238277,0.016416941896616848,0.08756029890857767,0.02509616371684088,0.0005548813880719802,0.002255212918631435,0.0
83,OALDI-b0.15-,0.19955607868297312,78.37222729328283,26.36620071408462,,,37.448159869494795,4.640844386588552,20.3015625,4.7083530161115864e-11,74.42816639150217,53.53087864885081,81.83195300443617,69.71872578417236,30.104827681653113,60.0703477647542,73.37026814961432,20.144841760458796,23.949597997454507,44.140313746308074,,,77.65715265893066,71.78538099857929,45.400067672385504,73.22540516151204,92.39432516462963,24.105553579270822,47.983369079652356,66.5639594283815,,,86.48130321568325,67.76805944764372,22.524345709068776,50.94008323356707,60.945736434108525,17.417018708509353,16.06239460370995,34.61538461538462,2.7272727272727275,15.0,24.9932193146794,19.49546237794371,1.3525220665789615,0.4033585491461942,0.0202427189167724,0.11111191670775207,0.02560340090457298,0.0049818698537766925,0.0016883946984406466,0.00025325645592915575
84,OALE-b0.15-,0.23366662606533278,81.3089981030126,0.0,,,33.68545225973372,3.9462278471015337,33.49375,7.056029668698709e-10,78.36803139407695,60.48670539502267,85.19777111629693,74.77392750142118,30.177516102526226,58.316679184250766,68.81879785263894,11.910678241560237,18.198763962171533,38.892013395047925,,,81.06607610411838,75.92609864921755,55.48068156793365,76.30366394618054,87.98568241608876,19.1011640744482,39.626894233219595,79.76661167859727,,,89.77693333269158,73.66493924537562,20.752688172043012,47.22877829086141,56.8062015503876,8.937839468919735,11.85497470489039,26.923076923076923,0.9090909090909092,0.0,21.068205717048407,17.098846013263017,0.83193946584381,0.31750979474164065,0.030993636618981663,0.08313757334957415,0.025869096574337426,0.002038585969220971,0.0036782884501742664,6.0299156173608496e-05
85,DMCAL-b0.15-,0.14999897491681752,80.84774277875628,0.0,,,39.26955397409627,2.40638565464087,43.3109375,6.347864264454175e-05,86.35450270802858,75.37533440036827,91.68362107991182,84.82069723742244,46.8244545116107,63.76473577424831,63.32397923942551,53.508143629314375,19.918712953125915,15.1957870347413,,,90.6727659260922,82.84462350913361,69.58533387038698,75.90587045906992,76.1129948674978,74.3355798153874,32.018890905387615,29.28832132723462,,,92.72019079431853,86.89463681347846,35.337289511057016,55.09777093666268,55.38294573643411,42.033796016898,14.510961214165263,10.717948717948717,0.0,0.0,9.599782437904151,13.163949663202965,0.7604628695226073,0.3771283542369958,0.08069241721309094,0.029279409916572414,0.04435909977476254,0.006851578878801843,0.0013507157587525176,0.0
86,DMCAL-b0.35-,0.31613529168440463,83.88510110969183,0.0,,,50.65100363724034,1.0986095173355068,54.16875,0.00015025621299476674,93.68483636657456,88.7045206299839,96.81191929524614,93.05220295626626,70.5344666252625,81.80110719537417,86.30954511168366,63.425149116019874,36.24440759656988,26.70843854284829,,,96.13752848282441,91.62196068012746,87.24725481428518,89.4206774320613,90.4159071451327,79.96403235487489,59.627385630189586,54.80828050743546,0.0,,97.49618555758241,94.52811720591507,59.217386893893284,75.39592953651444,82.75348837209302,52.65540132770066,26.10455311973019,18.35897435897436,0.0,0.0,3.9358675288571945,6.326959427706125,0.43070821974526724,0.19262991893157233,0.03633277480217343,0.026463849656332472,0.025470553069690767,0.004137485132797591,0.007440996635270565,8.441881864305191e-05
87,DMCAL-b0.4-,0.3544760558658274,85.21703967277995,0.0,,,50.57213672067953,1.1333285436620626,58.4515625,0.00014495290161317423,93.50350518149398,88.37215629682608,96.68438470247666,92.83334442148406,69.95530737146348,81.26474839617903,86.9630975683405,62.50032338610306,38.42333519146917,26.390090855240402,,,95.89929032294995,91.48857824715165,87.03252629238621,89.30565953476032,90.87640098080172,80.04692495052981,60.85839101331652,51.90489835723285,0.0,,97.48326217853997,94.21869381838104,58.581101643335366,74.59836953423408,83.51317829457363,51.30959565479783,28.119730185497467,17.8974358974359,0.0,0.0,4.1906085695292195,6.41737768262754,0.43089814869917653,0.1922972673286844,0.034274603620444176,0.025593805284069487,0.0258811736502358,0.003992733466344031,0.011553443722186712,0.0008080086927263539
