,name,avglabelcost,avgMAUC,avgGmeans,avgF1Score,avgPrecision,avgRecall,avgFPR,avgCorrectRate,avgKappaStatistic,F1 Score for class 0 (percent),F1 Score for class 1 (percent),F1 Score for class 2 (percent),F1 Score for class 3 (percent),F1 Score for class 4 (percent),F1 Score for class 5 (percent),F1 Score for class 6 (percent),Precision for class 0 (percent),Precision for class 1 (percent),Precision for class 2 (percent),Precision for class 3 (percent),Precision for class 4 (percent),Precision for class 5 (percent),Precision for class 6 (percent),Recall for class 0 (percent),Recall for class 1 (percent),Recall for class 2 (percent),Recall for class 3 (percent),Recall for class 4 (percent),Recall for class 5 (percent),Recall for class 6 (percent),FalseAlarmRate for class0 (percent),FalseAlarmRate for class1 (percent),FalseAlarmRate for class2 (percent),FalseAlarmRate for class3 (percent),FalseAlarmRate for class4 (percent),FalseAlarmRate for class5 (percent),FalseAlarmRate for class6 (percent)
0,AL-FixedUncertainty-LB-b0.2-,0.200498785,96.51570417,79.67455419,79.34424473,78.39138176,80.322256,2.875157064,87.3010196,79.66452462,87.40946124,89.75946545,84.4014205,74.41229424,63.47943545,69.32489134,85.11903671,88.96048537,89.23749113,80.24294486,72.00193403,58.56604571,76.8779361,82.85283511,85.91314199,90.28863294,89.02304637,77.05132872,69.31949858,63.13698394,87.52315943,6.118800992,10.36253279,1.438181558,0.142616275,0.815283481,0.585403933,0.663280416
1,AL-VarUncertainty-LB-b0.2-,0.200689487,97.44668566,78.37494108,78.22610334,77.31207866,79.1631958,3.175438845,86.17670547,77.8030978,86.05402103,88.81910085,83.32081748,74.62950179,61.52439005,66.31438551,84.79346656,88.78484382,87.38429414,78.85956346,70.22092028,56.46324964,75.41336278,84.05831652,83.48649924,90.30232862,88.32186608,79.66508919,67.63509955,59.18638798,85.54509995,6.051921598,12.40558797,1.553044614,0.160583815,0.868107622,0.595126365,0.593699933
2,AL-RandVarUncertainty-LB-b0.2-,0.200689142,97.51818003,78.08703575,77.93591876,77.01120937,78.88483325,3.199795856,86.03104583,77.5813925,85.91415993,88.71961941,83.44058458,74.93890807,60.28901329,65.76317971,84.53158287,88.38775935,87.47177742,79.03340327,71.08054152,55.00533143,73.99312916,84.10652346,83.57670884,90.00448286,88.3722101,79.34838005,66.73022227,59.19157022,84.97025841,6.301155017,12.26840795,1.537822462,0.154375589,0.907511386,0.641325657,0.587972924
3,AL-SelSampling-LB-b0.2-,0.20066453,97.47691998,78.83400374,78.51358943,77.49651203,79.56003657,3.041698173,86.67387248,78.62258301,86.65929256,89.24973764,84.1655337,73.78373164,62.0079153,67.06344512,84.87892769,88.57958716,88.31929162,80.22313262,69.17000971,57.06811777,74.86523969,84.25020568,84.82104418,90.20052877,88.52352184,79.21368766,67.89845149,60.74278805,85.52023403,6.275746806,11.3522846,1.431725899,0.169213077,0.849158121,0.628640368,0.58511834
4,AL-FixedUncertainty-BOLE-b0.2-,0.200628214,97.60656554,79.69265499,79.2749872,78.47233599,80.09510086,3.495054366,84.68680509,75.56281684,83.9746029,86.78703789,85.2840566,78.57322403,63.30243344,72.19277294,84.01561157,83.30478723,87.91141844,82.66824664,79.42599129,58.62492587,76.29349201,81.07749041,84.6571469,85.69232018,88.07182413,77.75027303,68.80122195,68.51154488,87.18137494,9.736518479,11.21443279,1.210802959,0.095734655,0.806989794,0.65596253,0.744939358
5,AL-VarUncertainty-BOLE-b0.2-,0.200689487,97.66258907,79.66364507,79.52700187,78.96136013,80.1014476,3.437152909,84.9513091,75.97355776,84.22261668,87.04766563,85.66042622,78.89974418,63.90842566,72.35476739,83.9272669,83.55482733,88.11603372,82.75576568,80.22132214,60.43624088,76.57567413,81.06965704,84.90214313,86.00559123,88.77803882,77.63014197,67.81207205,68.58409627,86.99804973,9.589730532,11.03815445,1.213132132,0.091030929,0.737595775,0.646878798,0.743547748
6,AL-RandVarUncertainty-BOLE-b0.2-,0.20068897,97.82332224,79.80191791,79.26405373,78.34806877,80.20286594,3.515297466,84.60861394,75.43790712,83.85092526,86.7178495,85.35231136,78.84604934,63.3401267,72.05001117,83.94602967,83.27334223,87.78484035,82.65579122,78.91264574,58.77317448,75.98333496,81.05335241,84.43863293,85.67756556,88.23208592,78.81689115,68.68324028,68.51557552,87.05607021,9.733836802,11.34573462,1.214122489,0.10043838,0.800445829,0.667707511,0.744796629
7,AL-SelSampling-BOLE-b0.2-,0.200677955,97.74386185,79.29440312,79.3378308,78.92373083,79.75788994,3.495284248,84.75062477,75.63249573,84.00910851,86.80974477,85.59485513,78.86226768,62.91200189,72.53138012,84.07220709,83.19057737,87.85862764,83.01833538,79.52259012,59.9870174,76.99029459,81.89867329,84.84629909,85.78684862,88.33892711,78.2271569,66.16348889,68.5748834,86.36762555,9.839289003,11.28228383,1.185090361,0.095769241,0.733868865,0.632029025,0.698659416
8,AL-FixedUncertainty-DACC-b0.2-,0.005624497,55.87649752,13.19034593,34.90614136,62.87200127,24.28302536,13.84339335,43.11403207,3.72643317,12.90566586,49.71960397,5.281635094,52.72259657,19.33801735,9.524533855,10.11956346,46.96237511,50.95789321,55.72410852,68.97642845,75.16344624,56.31796274,86.00179463,19.89964124,71.57094398,2.811993064,53.73134328,11.25460866,5.277249957,5.435397367,18.25777686,68.29388232,0.128911451,10.01291795,0.064092357,0.11454018,0.031632358
9,AL-VarUncertainty-DACC-b0.2-,0.200689487,89.87277579,70.70834565,74.39094539,76.99205083,71.96008816,4.102246596,82.47545662,71.69453288,81.87795688,85.30318733,81.87708945,74.4668249,54.05295391,67.05078006,74.80742548,81.56858395,84.75142651,80.62445838,79.09467761,62.10909789,74.28158297,76.51452852,82.18981307,85.86224546,83.16971528,70.36403349,47.85210155,61.10669661,73.1760117,10.65701082,14.70076685,1.310663943,0.088419669,0.484988251,0.651988397,0.821888236
10,AL-RandVarUncertainty-DACC-b0.2-,0.200689315,89.92055566,70.21449938,74.01012689,76.70422298,71.49910299,4.144615105,82.27067599,71.36422009,81.74401327,85.14094977,81.49231348,74.33967396,53.58408959,66.42407368,74.00176383,81.19392705,84.72845369,80.33273942,79.17514043,61.8060912,73.70364935,75.98955976,82.30168995,85.55755186,82.68725178,70.08008737,47.29590224,60.45373409,72.11750366,10.93869524,14.67463413,1.327518349,0.087641479,0.485443179,0.664567236,0.833806124
11,AL-SelSampling-DACC-b0.2-,0.200559369,88.58972735,68.10900977,72.71955622,76.15056388,69.58526597,4.413523371,81.19852946,69.56157734,80.67593323,84.1966702,80.21583895,74.16255836,51.8853972,64.56252579,71.43802476,79.5730451,83.84191837,79.88094408,78.80160114,63.00166248,72.27005763,75.68471835,81.81013973,84.55469624,80.55574201,70.06188569,44.12093121,58.34744055,67.64602633,12.05132025,15.50695137,1.3305261,0.089682066,0.43083432,0.68999104,0.795358447
12,AL-FixedUncertainty-ARF-b0.2-,0.200668489,96.534304,63.9154232,73.25313649,80.30195396,67.34288769,3.623638493,85.04743448,75.40204697,85.24034458,88.40766758,81.74254324,70.43449656,48.48939565,54.93673249,72.81645506,87.06379475,84.76697138,79.09290584,69.87343142,72.84577539,79.24348498,89.22731396,83.49249434,92.3758123,84.58326341,71.03021478,36.35099547,42.05792595,61.50950756,7.119066451,15.79760237,1.466480088,0.145780914,0.225154369,0.339593184,0.271792072
13,AL-VarUncertainty-ARF-b0.2-,0.200689315,96.53662865,63.736107,73.73069001,81.80530907,67.10833038,3.670961904,84.90365087,75.14053301,85.0159026,88.25666869,81.91479098,73.81758874,50.36543716,54.26058189,71.46925226,86.86293004,84.51441306,78.81397937,77.49585025,74.46337433,81.00421247,89.48240395,83.24660121,92.34644424,85.27493427,70.50600655,38.06594333,40.80497495,59.51340809,7.225168756,16.1027305,1.503214992,0.0973775,0.217140637,0.294884191,0.256216749
14,AL-RandVarUncertainty-ARF-b0.2-,0.200689142,96.55949887,64.00861754,73.41890537,80.68253707,67.3562052,3.669305383,84.87673232,75.1158499,84.94993924,88.26225568,81.9391585,71.64299519,49.56153532,54.94346255,71.8245228,86.87550216,84.56101565,78.96310271,71.95593476,73.33130678,80.31966232,88.77123511,83.10810045,92.30260394,85.15354925,71.33964325,37.47392816,41.78211551,60.33349586,7.204582146,16.03739869,1.48791948,0.132171236,0.227481501,0.316138704,0.279445925
15,AL-SelSampling-ARF-b0.2-,0.200683291,96.6429526,65.57370583,74.47339311,81.39680078,68.63613034,3.495180355,85.55897296,76.28524068,85.6680986,88.74916395,82.82712434,71.76902258,50.92277266,57.46407584,74.32732798,87.38043869,85.33213186,79.93184614,72.68353464,74.52045922,81.04473212,88.88446281,84.02440521,92.45276226,85.94674722,70.88824172,38.71062888,44.52812806,63.90199902,6.965344067,15.12386173,1.41540335,0.126602855,0.220867548,0.32110637,0.293076564
16,AL-FixedUncertainty-MOOB-b0.2-,0.200677094,92.1509062,66.97605955,66.59436063,64.40583958,68.97719691,5.24492516,76.6831494,63.0486969,75.98783707,80.54280251,76.1659576,59.00951053,47.64463557,42.95413733,76.91963342,77.99361531,80.94066667,69.62301517,62.4547736,38.44387342,49.34970186,72.03523105,74.10621224,80.16314803,84.2560273,59.74153622,63.14652902,38.70386365,82.72306192,12.00080179,17.97538552,2.427016202,0.162313126,1.720012808,1.234660114,1.19428655
17,AL-VarUncertainty-MOOB-b0.2-,0.200689487,95.7395456,70.90711889,67.4599462,63.27175827,72.24525922,5.100332431,77.38463233,64.03599128,77.03101933,81.37650909,72.69846694,60.57664095,49.5996255,46.95972087,78.30138071,79.0669448,81.31236558,71.60013924,47.50513752,41.43253282,48.22932652,73.75586139,75.11650302,81.45781342,73.90585669,83.66945759,62.23111767,45.83923533,83.49683081,11.42145125,17.83047989,1.922447722,0.440524673,1.472426988,1.523778265,1.091218229
18,AL-RandVarUncertainty-MOOB-b0.2-,0.200689487,95.84508309,71.30009319,66.46004265,61.51973324,72.26769214,5.316933102,76.07872127,62.24350121,76.48218654,79.71338898,71.43830336,55.23808732,45.8126127,48.82062043,78.48069772,76.49244424,81.61410561,71.52383891,41.28826895,35.04353601,48.88173304,75.79420594,76.47804947,77.91119692,71.39257146,83.4619585,66.46160329,48.77353602,81.3949293,13.49362899,16.70566422,1.86322805,0.56441251,2.065810585,1.572106556,0.953680808
19,AL-SelSampling-MOOB-b0.2-,0.200687421,95.69712047,71.02756664,66.40369965,61.55472917,72.08490212,5.355747395,76.03218178,62.10448894,76.15705364,79.73342785,71.97155756,55.17486384,45.89761082,48.63666054,78.28427846,76.80779418,81.05529917,71.30632754,41.12437347,35.60353116,49.54366872,75.44210993,75.53512085,78.46926061,72.65732505,83.90607936,64.75402928,47.89658548,81.37591419,13.10470458,17.4576015,1.917184159,0.572332754,1.958937498,1.508555917,0.970915358
20,AL-FixedUncertainty-MUOB-b0.2-,0.08122173,59.86468516,11.64820861,,,19.90693643,14.02236054,17.65949757,2.109151842,25.40139403,,,,,,,29.09390493,,,,,,,41.00854418,1.736033406,11.22923309,50.32763014,15.29337407,2.786894685,16.96684544,38.89401146,1.500414832,1.007889843,30.36282673,11.97323274,1.240568088,13.1775801
21,AL-VarUncertainty-MUOB-b0.2-,0.200689315,69.75467091,16.94743682,,,27.20629829,13.35562992,26.55184402,6.2323669,45.75558147,,19.57665981,17.16803698,3.825600901,,,42.343701,,28.33880534,16.66863098,4.267466402,,,59.54786631,1.87263723,41.83979415,44.69603203,17.28010113,5.717164738,19.49049244,48.07905258,1.865399666,15.76301494,3.566133174,11.1690425,5.196071996,7.850694556
22,AL-RandVarUncertainty-MUOB-b0.2-,0.200689315,76.09915406,28.17653538,,,34.32390105,12.96364306,24.6573909,8.730117611,41.62270599,,28.56941477,20.05890091,6.548554312,13.44830038,,42.56011498,,42.71586918,19.93641521,3.973645795,16.74294061,,48.32500944,4.422363493,29.11086871,47.94321078,46.30780575,29.20826856,34.94978059,32.92465301,4.077981667,3.566641847,2.451211815,24.33458905,8.20571459,15.18470942
23,AL-SelSampling-MUOB-b0.2-,0.20068897,78.64119614,32.69661366,30.68993599,27.44085858,35.08812623,12.84401797,25.566305,9.350873409,36.31475863,17.39524294,34.08320412,13.27773493,7.663819321,14.21856529,13.67704733,48.66107388,59.18019904,47.61273935,10.32576364,4.394830809,12.21938619,9.692017188,38.70850642,11.98269685,33.128601,37.80851838,42.08574739,34.38648011,47.5163335,27.33641771,8.138328782,4.226604653,2.770892238,18.79795772,9.626449272,19.01147543
24,OALDI-b0.2-,0.231231713,93.43534644,75.94722834,76.73837239,76.95863304,76.52023485,4.15369666,82.25398098,71.48724873,80.58469173,85.0020255,83.81505582,78.74200431,60.04653902,69.94843307,78.68724271,82.49831306,83.87262467,81.50989315,81.48397443,60.70922711,71.8563321,76.78006673,78.75920506,86.16319745,86.25915981,76.20313069,59.40903824,68.15166695,80.69624573,9.588321975,15.76700223,1.283484149,0.082436253,0.638893895,0.822574493,0.893163628
25,OALE-b0.2-,0.257085224,97.6315917,79.59438882,80.29970305,80.27198121,80.32960537,2.964056078,87.23616724,79.47393485,86.6477111,89.57905605,86.76643683,77.01751775,63.71696948,72.91578279,84.49064508,88.93993049,88.17652998,83.52219787,74.94232182,65.1118717,79.53573575,81.67528081,84.47177115,91.02745843,90.28108743,79.24281034,62.44074581,67.32020499,87.52315943,6.02797612,11.61562724,1.168474374,0.126084062,0.556709401,0.534130525,0.719390832
26,CALF-MID-b0.2-,0.196673218,97.85795176,85.79396668,85.70955862,85.29572123,86.12866357,1.708756687,92.433874,87.85249926,92.81878096,94.06939099,90.35826392,78.69282776,72.31271916,80.88881712,90.34671391,93.6102201,93.60049947,88.90052706,76.13214528,69.7437172,85.45011157,89.63282791,92.04073829,94.54318905,91.86664429,81.46705497,75.11113452,76.79679853,91.07508532,3.605202995,6.151166736,0.752341094,0.12162244,0.54243166,0.40289544,0.385636447
27,AL-FixedUncertainty-LB-b0.25-,0.249526344,95.82520591,79.78248336,79.585069,78.75669772,80.45199292,2.62982289,88.30013838,81.27064343,88.62209847,90.66144026,84.97602567,68.36453591,65.3610885,71.11077069,85.89470061,89.83578555,90.36364986,80.90547019,67.56705854,60.29705916,78.7774611,83.55039963,87.44137085,90.96205096,89.49348325,70.66254095,71.39049826,64.83272874,88.38127743,5.677082769,9.232141238,1.386738021,0.155897383,0.781531323,0.538672391,0.636697104
28,AL-VarUncertainty-LB-b0.25-,0.250645426,97.43944301,79.30194451,79.14572534,78.3082366,80.00260532,2.870276452,87.46480279,79.86419149,87.5136799,89.97968277,84.4601629,72.19349528,64.06531784,68.17260318,85.88460115,89.84058462,88.69010448,80.73139716,67.60521948,59.58393524,76.40533243,85.30108282,85.30480551,91.30758451,88.55316888,77.52457226,69.29632361,61.55006622,86.48171624,5.535658176,11.08027584,1.386096123,0.177029563,0.781286361,0.586078117,0.545510988
29,AL-RandVarUncertainty-LB-b0.25-,0.250645426,97.76035324,78.95040014,78.76360265,77.88749429,79.66123513,2.958889287,87.03851211,79.20424315,87.12884128,89.54963021,84.04894917,73.18191834,61.94319204,67.96053042,85.89287717,89.32070268,88.47210418,79.90884767,69.68575971,56.94220832,75.58873111,85.29410636,85.04262651,90.65410994,88.64462717,77.10957408,67.92794691,61.74756723,86.50219405,5.834949563,11.24073346,1.461638344,0.15994397,0.85389987,0.61522767,0.545832129
30,AL-SelSampling-LB-b0.25-,0.250604118,97.73258773,80.09029325,79.57396861,78.45797415,80.72425523,2.806863999,87.67772438,80.23138836,87.78300184,90.12782333,84.8248897,73.79644661,63.42172097,69.44809092,85.98427153,89.76213322,89.1569604,81.35555803,68.76853056,58.55267602,76.69895999,84.9110008,85.89001133,91.12071613,88.61190356,79.70877321,69.19308965,63.45655554,87.0887372,5.621796886,10.54586495,1.332598513,0.173034854,0.814163659,0.594168315,0.566420816
31,AL-FixedUncertainty-BOLE-b0.25-,0.250493277,97.73478105,80.30912781,80.3482077,79.95678178,80.74438785,3.225904873,85.92486902,77.48577944,85.28152783,87.98158667,86.29231381,79.27705102,64.4521031,73.99950034,84.6350539,84.91359248,88.62726307,84.29204602,80.05919476,61.73570765,78.30582981,81.76383864,85.65308724,87.34565003,88.39178833,78.52566436,67.42968503,70.14567859,87.71916138,8.732812889,10.66601503,1.080130874,0.093002343,0.694377615,0.598940823,0.716054537
32,AL-VarUncertainty-BOLE-b0.25-,0.250645426,97.80326596,80.34656422,80.69484256,80.60566584,80.78534529,3.165401385,86.18329742,77.89580565,85.55615238,88.19697512,86.76739972,79.71234637,65.42950675,74.42312832,84.30267527,84.92088261,88.98871455,84.35491516,81.27120601,63.69738959,78.83473788,82.1718151,86.20152002,87.41938786,89.32287297,78.22351656,67.29695565,70.48367594,86.54948805,8.783737662,10.2935733,1.086366454,0.085670065,0.638124017,0.583168484,0.687169716
33,AL-RandVarUncertainty-BOLE-b0.25-,0.250645426,98.02144362,80.47238241,80.42413477,79.9827094,80.87182658,3.271045928,85.72394374,77.17798276,85.02124147,87.72591909,86.50663592,79.58617764,64.77642485,74.32734005,84.46521888,84.40661321,88.5947202,84.27342136,80.29390318,61.66536254,78.63267447,82.01227081,85.64567598,86.87470217,88.86390334,78.92246087,68.24396924,70.47503887,87.07703559,9.079778531,10.64300614,1.08755855,0.09220686,0.705418368,0.590211924,0.699141127
34,AL-SelSampling-BOLE-b0.25-,0.250619781,97.89760447,79.9638877,80.26458343,80.1122196,80.41820034,3.27002578,85.77891679,77.23709485,85.09106842,87.78518991,86.47865414,78.85485761,64.44742018,74.36674277,84.42704461,84.48460877,88.48728479,84.53801592,79.33291166,62.89268371,78.73372181,82.31631052,85.70685423,87.09450373,88.51289366,78.40189297,66.09501738,70.46582599,86.65041443,9.032239715,10.78330999,1.061699232,0.097066224,0.648079941,0.586628108,0.681157248
35,AL-FixedUncertainty-DACC-b0.25-,0.006033955,54.7920451,17.08867894,35.48301256,62.56551108,24.96773158,14.0808701,42.61165002,1.749214263,22.36833735,44.99663997,9.23476352,55.39648289,20.66399969,10.48059582,9.034561153,39.37589764,56.55616243,50.2528871,76.4924108,70.73846463,59.48281134,85.05994359,34.00396526,58.67448403,13.74895117,45.54423007,12.16896661,5.842690159,4.79083374,34.91803279,57.60237277,5.736587084,0.066993506,0.085981393,0.124936795,0.031186329
36,AL-VarUncertainty-DACC-b0.25-,0.250645426,90.21942072,71.81658596,75.28445008,77.68081529,73.032165,3.863636571,83.47015208,73.30360171,83.12429719,86.15372052,82.49530813,74.52764471,55.40126401,68.33991378,75.64116139,82.70691746,85.66173371,81.54883307,77.03713582,63.93510797,75.81631552,77.05966346,83.5459781,86.6514414,83.46478716,72.19512195,48.88338776,62.20993839,74.27450024,10.02391839,13.80194215,1.238349552,0.102340622,0.458164995,0.611590629,0.809149655
37,AL-RandVarUncertainty-DACC-b0.25-,0.250645253,90.33308051,71.31398053,74.85470984,77.38256757,72.48732323,3.920498717,83.19026113,72.85963326,82.85775131,85.95661351,82.11333676,74.08485443,55.61910017,67.55707119,74.57900336,82.23166255,85.62010069,81.21275169,78.00645334,63.77425737,74.52048399,76.31226335,83.49358006,86.29581258,83.03490519,70.55697124,49.31844517,61.78614614,72.92540224,10.35251861,13.79186527,1.259587205,0.094627896,0.465461341,0.651012605,0.828418097
38,AL-SelSampling-DACC-b0.25-,0.243694795,89.03253992,69.27649306,73.67786035,77.00529465,70.62653887,4.183292212,82.14744274,71.11193757,81.79723879,85.02943741,80.86958173,74.32574707,53.63835911,66.15561226,72.23096537,80.72554637,84.69872093,80.66048083,79.16017686,64.27244267,73.47653064,76.04316424,82.89803625,85.36288259,81.08323544,70.06188569,46.02865269,60.16755916,68.78352023,11.35793072,14.67497002,1.275102795,0.087710652,0.425112726,0.669286519,0.79293205
39,AL-FixedUncertainty-ARF-b0.25-,0.250607388,96.96991019,66.30444506,74.96040849,81.63823475,69.29393706,3.369504034,86.05662189,77.11204692,86.2972384,89.20828494,82.86831636,72.25659315,51.76293065,58.02560915,74.90083083,87.97718925,85.83314026,80.18366137,72.31349578,74.62652054,82.16641176,88.36722429,84.68188255,92.86010286,85.7490071,72.22424463,39.64500158,44.87879311,65.01852755,6.641998851,14.58484907,1.39042435,0.13163515,0.223999552,0.300366365,0.313254904
40,AL-VarUncertainty-ARF-b0.25-,0.250645426,96.99925385,66.83509546,76.08558339,83.65617456,69.77259194,3.327420103,86.29997315,77.50043057,86.37593807,89.35479348,83.49905897,75.57365845,53.05381524,58.84130354,76.24340417,88.24416952,85.84632044,80.36211296,79.41758071,78.0099721,83.35236068,90.36070555,84.58643316,93.16289035,86.89153661,72.10775391,40.20646792,45.49547993,65.95758167,6.467012666,14.61722946,1.392368383,0.088921169,0.188427681,0.280105385,0.257875975
41,AL-RandVarUncertainty-ARF-b0.25-,0.250645426,96.98412822,66.69249763,75.30066238,82.05178041,69.57825886,3.37271627,86.06939271,77.13029289,86.20262266,89.19304405,83.18052578,73.15876416,52.13220511,59.11960922,75.01664114,87.93633408,85.781777,80.48366431,73.60895364,74.69505849,82.48532789,89.37134744,84.53757553,92.88763541,86.06785255,72.76665453,40.04845676,46.08971037,64.64992686,6.655948989,14.651726,1.368746538,0.124337458,0.225434325,0.30159054,0.28123004
42,AL-SelSampling-ARF-b0.25-,0.250633894,97.06767572,68.32129748,76.29163719,82.59678358,70.88258869,3.195845574,86.75228739,78.29567379,86.94810182,89.7083159,83.95191904,73.1712435,54.3544623,61.18595105,76.90870984,88.51763625,86.57198656,81.15842611,74.10475326,75.45941743,82.75074202,89.6145234,85.43386518,93.08082216,86.94943223,72.28977066,42.48920257,48.56106409,67.37396392,6.359637242,13.73923033,1.323868701,0.120256284,0.229966108,0.312448438,0.285511916
43,AL-FixedUncertainty-MOOB-b0.25-,0.250566253,89.31090116,61.42033272,64.50556964,63.93688067,65.1829345,5.393677358,75.9438015,61.88152728,75.04090555,80.37602026,75.32417377,48.77335534,44.37549662,37.18507871,73.92881279,77.78820121,80.41826098,66.92514615,69.94826226,35.0672497,50.53299721,66.87804715,72.50278512,80.34193314,86.35956816,43.55660721,60.6236174,29.91650832,82.97952218,11.87749884,18.62645317,2.825341398,0.092915878,1.878502727,0.916658535,1.53837096
44,AL-VarUncertainty-MOOB-b0.25-,0.250645253,95.4815064,70.16807478,66.84159087,62.78570254,71.46059144,5.019644167,77.92792576,64.7234202,77.11699397,82.42335171,72.78248912,53.83793678,49.36787651,47.79867083,77.26768204,81.24497333,80.76773833,72.68898151,40.41563111,41.53491464,49.70646689,73.14121199,73.39543995,84.15473295,72.91463892,80.81907535,60.94385337,46.10122646,81.89517309,9.720888908,19.07840154,1.796250582,0.569600443,1.430346148,1.441882745,1.100138804
45,AL-RandVarUncertainty-MOOB-b0.25-,0.250645426,95.79129322,70.19550132,66.69142985,62.52400854,71.45910093,5.118694874,77.32886756,63.87791184,77.29904941,81.40329204,70.99676741,54.33464177,49.24019101,47.26693263,78.07641246,79.00786138,81.26958938,71.53821247,40.34226481,40.47332371,49.03389113,76.00291692,75.68480929,81.55696591,70.5560217,83.3782308,63.04540188,45.66706973,80.32520722,11.54757132,17.90676193,1.840523202,0.588709329,1.548329977,1.464663041,0.934305319
46,AL-SelSampling-MOOB-b0.25-,0.250638197,95.77408725,70.31813732,67.08556114,63.07413095,71.65027673,4.943733811,78.11816279,65.07400014,78.35815764,82.1825778,70.531392,54.87039622,48.69554416,47.11094848,79.63437086,80.30104105,81.73628203,71.9319015,40.71835767,40.38276457,48.3475498,78.10102005,76.53205249,82.65805627,69.2560273,84.20094649,61.66965132,45.99873323,81.23647001,10.77966368,17.60200329,1.769565967,0.583798086,1.521856666,1.51487195,0.834377041
47,AL-FixedUncertainty-MUOB-b0.25-,0.175905317,67.7018103,25.59548307,,,27.59358817,13.05125101,19.56787467,7.706598076,16.738597,,,,,,,42.97180713,,,,,,,12.30371979,22.49861455,22.16367399,39.87622861,38.50521437,20.45027927,37.35738664,7.009307315,14.33369946,1.900714891,21.84443119,23.03239262,6.467049295,16.77116228
48,AL-VarUncertainty-MUOB-b0.25-,0.250644393,70.65004942,21.3388199,,,28.74607821,13.71023345,12.92916497,4.038573542,20.07584776,,,9.44835745,5.841176091,,,41.1991301,,,10.97149046,3.3483881,,,20.18348754,2.838853375,21.49913296,44.98725883,62.5608343,19.78925548,29.36372501,16.34276164,2.57891042,3.992605335,5.236232523,49.92589923,6.140815584,11.75440944
49,AL-RandVarUncertainty-MUOB-b0.25-,0.250645253,78.49879327,32.1322899,32.69303722,28.97336631,38.17352931,12.92067731,23.98062346,9.126567663,39.58649824,8.74983062,41.34952776,20.32951565,7.185715821,17.31544004,12.41267401,43.20758379,56.1103033,52.99481212,16.15118325,4.711255283,12.06432917,17.57409724,41.55027379,5.295604322,35.54119819,44.63414634,45.49773517,43.49340704,51.20234032,30.09819271,3.892197467,2.225992099,1.736176321,19.71715726,13.07755768,19.69746763
50,AL-SelSampling-MUOB-b0.25-,0.250645081,78.91766179,36.04653102,32.69780661,29.61420689,36.76329725,12.67330758,31.22806414,10.92143657,32.6701879,28.57958867,38.29849122,20.36426699,8.170160739,17.94887226,13.8768768,44.82163133,57.8542377,57.63362807,15.30880993,6.523177544,14.36719098,10.79077271,35.9765389,26.34858331,31.62555239,43.97888606,49.33108606,31.56561294,38.51682106,24.95936853,20.03416065,1.546974093,2.191936223,21.85762853,5.578937097,12.54414792
51,OALDI-b0.25-,0.282434958,94.9302706,78.74708612,78.23662458,77.38024325,79.11270263,3.959272144,82.96794214,72.73457652,81.29868968,85.49841337,84.68347189,79.72120658,63.51694965,71.67294463,80.82447317,83.30604635,84.74243107,81.97910202,81.00646719,60.94978632,72.59040393,77.08746589,79.38694298,86.2687036,87.57369805,78.48926101,66.3415148,70.78194277,84.94685519,9.129294746,14.78134835,1.262429896,0.087503134,0.706660671,0.823568026,0.924100182
52,OALE-b0.25-,0.307019476,97.81961936,80.33232847,80.60497767,80.26396906,80.94924638,2.922426139,87.35217173,79.68854098,86.8379517,89.63707336,86.60485833,76.98412982,65.33406444,72.83574883,85.09098537,88.87089883,88.52765974,82.94379357,74.73574606,64.67351113,79.42610646,82.67006759,84.89817787,90.77567675,90.60832354,79.39206407,66.02022543,67.28277768,87.66747928,6.101817039,11.1956226,1.222082024,0.127640442,0.599227672,0.537732083,0.672861114
53,CALF-MID-b0.25-,0.237110077,98.36149582,87.5781822,87.08269176,86.36856252,87.80944136,1.512144045,93.27903727,89.21486121,93.63571305,94.73492817,91.37570292,78.98507211,75.68381476,83.59148946,91.16960362,94.22523422,94.43426533,90.38790278,74.93494891,73.43190322,86.59880017,90.56688302,93.05367258,95.03761017,92.38602674,83.52384419,78.09017171,80.79173144,91.78303267,3.272593805,5.33023637,0.644300496,0.132966719,0.469625682,0.385348934,0.349936307
54,AL-FixedUncertainty-LB-b0.3-,0.29521886,95.30211564,79.78920181,80.25451984,79.99656473,80.53592,2.43659631,89.17697053,82.64790025,89.73201095,91.38930098,84.77505063,66.30545161,67.59545553,72.91102275,86.83020513,90.91639059,90.93781575,81.41630531,68.06465449,63.205804,81.19938714,84.23559584,88.57916352,91.8502935,88.56155955,66.19949035,72.68618982,66.26820982,89.6065334,5.079529325,8.719563604,1.3240521,0.141976429,0.703773628,0.473400811,0.613878273
55,AL-VarUncertainty-LB-b0.3-,0.300603086,97.79717434,80.68848312,80.38276153,79.50479326,81.28102744,2.67293595,88.31786607,81.23631093,88.42210382,90.65608318,85.41090665,73.71758687,65.63198091,70.55373433,86.96227118,90.5306129,89.47811121,82.40366713,69.09817728,61.59013499,77.45969349,85.97315583,86.4097432,91.8655423,88.64826313,79.02074991,70.26335194,64.78148212,87.97805948,5.186498434,10.27973437,1.241430662,0.168002559,0.728602199,0.580950776,0.525332648
56,AL-RandVarUncertainty-LB-b0.3-,0.300602741,97.94085322,80.44156181,79.98533423,78.97771335,81.02133205,2.712121041,88.09499632,80.89754457,88.25721349,90.44802232,85.09925522,72.74181767,64.37683563,70.64380738,86.82198818,90.10143338,89.52303929,81.77751246,68.12525578,59.46923666,77.55284575,86.29467011,86.48767938,91.39275894,88.70448062,78.11794685,70.21594859,64.87361087,87.35689907,5.452472018,10.17846166,1.296322108,0.174660407,0.796421466,0.578804034,0.507705592
57,AL-SelSampling-LB-b0.3-,0.299088487,97.93117911,81.33761231,80.65934196,79.47984947,81.87536967,2.592062554,88.57703455,81.68000785,88.7962154,90.887319,85.68178281,74.71358885,65.01422979,71.37308582,86.80300515,90.52843484,90.07491844,82.78378268,69.84552306,60.10674919,77.46575651,85.55378154,87.12929569,91.71478392,88.7937014,80.40043684,70.82060466,66.17320205,88.09556314,5.230895084,9.616943949,1.211169758,0.165858214,0.781706295,0.59326349,0.54460109
58,AL-FixedUncertainty-BOLE-b0.3-,0.246921922,91.06554683,71.32102362,74.05357415,78.89986469,71.68557738,5.056744745,75.83703951,64.58041694,78.03527614,74.38404387,72.51478555,79.15577886,59.3619053,63.34055003,71.81644201,76.20441779,89.23887628,81.04546126,82.18780133,67.11322575,72.31256005,84.19671038,82.56089502,72.57856485,72.79521172,76.46159447,57.90161171,67.65474751,71.84641638,19.01837084,8.279203657,0.856310224,0.07908139,0.511129114,6.129194795,0.523923197
59,AL-VarUncertainty-BOLE-b0.3-,0.300603086,97.86987355,80.86230336,81.6860535,82.06095003,81.31478711,2.944109575,87.2083537,79.49540122,86.69540047,89.09938553,87.58851528,80.07622749,66.37975268,76.63514196,85.0025082,86.03938788,89.6470795,85.99287754,81.71738809,66.54663308,80.95039614,83.53288798,87.36178248,88.55842373,89.24651787,78.51474336,66.23196039,72.76155928,86.52852267,8.134311378,9.732156353,0.953401876,0.083525719,0.553437419,0.527690302,0.624243981
60,AL-RandVarUncertainty-BOLE-b0.3-,0.300602569,98.11984001,80.73119995,81.27954875,81.37386644,81.18602677,3.056368487,86.72437058,78.72956224,86.12665612,88.65917534,87.3519061,80.52233723,65.0817322,76.17823922,84.71998902,85.64039352,89.16595534,85.59926596,81.42635913,64.3899098,80.3633782,83.03180314,86.6189577,88.15842514,89.17855345,79.66144885,65.79374276,72.41031842,86.4807411,8.334380722,10.19327469,0.983791159,0.086482841,0.60454683,0.54527229,0.646830877
61,AL-SelSampling-BOLE-b0.3-,0.30056763,97.99371342,80.22865889,81.19446337,81.69948179,80.6961398,3.092584478,86.6220319,78.53996269,85.95835699,88.58111554,87.24162238,80.17163847,65.40801345,76.20276455,84.48637645,85.39655053,88.98051983,85.71919655,81.82447268,65.65865603,80.76699715,83.54997975,86.527804,88.18535762,88.81971248,78.59483072,65.16907195,72.13105315,85.44514871,8.490974397,10.39246115,0.970347982,0.082989633,0.566297883,0.52937576,0.615644547
62,AL-FixedUncertainty-DACC-b0.3-,0.006178874,54.97328407,14.59066367,34.67662056,61.24264279,24.2766958,14.18195054,36.23945805,1.020099492,32.88146944,29.45950046,6.949549746,58.09383618,18.92735797,9.549846664,7.532021664,39.60376635,57.830132,50.3411525,70.9901039,76.01212064,50.03036316,83.89086095,49.44458082,35.13542134,4.08709515,58.60575173,10.91962499,7.743421431,4.000975134,47.78899808,36.68624942,0.345707903,10.00594883,0.060942856,4.36098963,0.024817039
63,AL-VarUncertainty-DACC-b0.3-,0.300603086,90.63172831,73.06273812,76.40228417,78.81147183,74.13626115,3.665920919,84.30156348,74.65124584,84.086704,86.85559227,83.19370406,75.87228207,57.79498747,69.52282098,76.32698115,83.5852034,86.42429356,82.50031001,78.69552952,66.08160083,76.54807555,77.84528996,84.59431647,87.29125559,83.90026291,73.25809975,51.36205625,63.67996775,74.86786933,9.532981916,13.04825821,1.167098878,0.094282033,0.437990688,0.601140789,0.779693917
64,AL-RandVarUncertainty-DACC-b0.3-,0.300601881,90.7503506,72.43059121,75.93850878,78.48886626,73.54931473,3.73619032,83.97924656,74.13703725,83.74905342,86.59060529,82.74748408,75.30096108,56.79468454,69.47600058,75.69739202,83.07013755,86.29305884,82.00716006,79.19002539,65.38367455,76.13425186,77.3437556,84.43929381,86.89026865,83.50226548,71.79104478,50.20857474,63.89186388,74.12189176,9.874990519,13.13381098,1.201394569,0.089699359,0.441595118,0.617214736,0.794626959
65,AL-SelSampling-DACC-b0.3-,0.27760924,89.61142786,70.34788193,74.52928194,77.67002736,71.63313164,3.998079868,82.90455275,72.35868998,82.61875473,85.69121745,81.59325728,74.48953255,54.83663939,67.53680453,73.31778526,81.61681898,85.40476143,81.08879707,79.02070575,65.25118998,74.7934831,76.51443518,83.6458176,85.97971769,82.10577837,70.4586822,47.29379543,61.56734036,70.38078986,10.81108535,13.98235201,1.255662457,0.088903876,0.418551264,0.639462782,0.790541336
66,AL-FixedUncertainty-ARF-b0.3-,0.300527184,97.29566079,68.87850558,76.68419136,82.79894232,71.41145437,3.103434181,87.11338148,78.90350655,87.44644084,89.98750977,83.6038518,72.96912254,54.69968763,61.71986504,78.65111891,89.10452182,86.88840045,80.86141344,73.69804486,76.98608689,82.57299001,89.48113877,85.84960347,93.3162608,86.54528165,72.26792865,42.44179922,49.29060863,70.1686982,6.024183849,13.40041181,1.343639158,0.122711905,0.210841634,0.320432187,0.301818727
67,AL-VarUncertainty-ARF-b0.3-,0.300603086,97.35191231,69.4073329,77.9468442,85.16264895,71.86062495,3.071094067,87.34544209,79.25958319,87.49009244,90.11061011,84.57278545,76.88068544,56.73001317,62.57091788,79.07974273,89.22521187,86.85459705,81.59994858,81.60862984,80.64779364,84.94646843,91.25589325,85.8220827,93.62042492,87.7781507,72.7011285,43.77119983,49.53762884,69.79375914,5.947823779,13.48371407,1.298339502,0.077957338,0.174499885,0.270418437,0.24490546
68,AL-RandVarUncertainty-ARF-b0.3-,0.300602741,97.30236651,69.00516932,76.97354656,83.35774843,71.49936212,3.127430822,87.06322761,78.80587322,87.24970166,89.93938843,83.93388619,73.83656915,55.55204276,61.65683625,78.75258839,89.03932148,86.70291848,81.12073719,75.01958269,77.6295156,83.46391362,90.52824997,85.53087236,93.42695578,86.95083068,72.73389152,43.26135047,48.89100017,69.70063384,6.041790818,13.63503532,1.327023171,0.11539692,0.207219707,0.298503491,0.267046326
69,AL-SelSampling-ARF-b0.3-,0.300577613,97.3613365,70.38735274,77.72290291,83.60726351,72.61306469,2.985154019,87.59677941,79.71813217,87.82071256,90.35783203,84.67452493,73.80750406,57.38530008,63.61997134,79.54660458,89.38416581,87.41644811,81.7357826,74.87879426,77.73031591,83.67849875,90.42683913,86.31193353,93.5045764,87.83548694,72.77757554,45.50616244,51.34450394,71.01121404,5.882840519,12.80906651,1.287317197,0.116088644,0.216860682,0.308722689,0.275181891
70,AL-FixedUncertainty-MOOB-b0.3-,0.300499129,90.58268456,64.59497655,66.52752926,65.40958604,67.73801399,4.97733769,77.78655174,64.72983409,77.57840025,81.82103893,75.05214945,55.94998039,46.84419667,38.91878236,78.02881395,79.66610002,81.98705308,67.68191678,67.06903118,36.93811735,51.33743287,73.18745102,75.6076756,81.66014239,84.56452425,52.81397889,64.18518909,31.69977544,83.63481229,11.07695058,17.07716544,2.670497269,0.128902839,1.834864633,0.925511625,1.127471445
71,AL-VarUncertainty-MOOB-b0.3-,0.300603086,95.79186756,72.02126934,68.68858474,64.61289487,73.31677286,4.758441004,79.01883266,66.50919849,78.39132643,83.16435921,74.63196944,58.7301859,51.60463971,49.54131495,78.13913525,82.07491562,81.87445352,72.72847318,45.06113586,43.60918841,52.50683736,74.43526017,75.03091956,84.49920756,76.64876657,84.33927921,63.46149795,46.97932861,82.25841053,9.403692588,17.80679921,1.885676139,0.489014552,1.369508275,1.3191814,1.035214861
72,AL-RandVarUncertainty-MOOB-b0.3-,0.300603086,95.44825216,69.01397116,66.03052579,62.05342127,70.55407435,5.169877004,77.28182895,63.64421669,76.85826081,81.86419534,69.82216766,53.7741666,48.09874042,45.13760011,77.82827533,80.40009219,80.31468441,71.00345162,39.57513314,39.83342324,47.45404132,75.79312298,73.62556647,83.47979711,68.69413213,83.96796505,61.04814074,43.07364542,79.98927353,10.29986023,19.47714394,1.840468182,0.610982854,1.553544152,1.471014557,0.936125116
73,AL-SelSampling-MOOB-b0.3-,0.30058226,95.63239721,69.7880272,67.06370837,63.2894974,71.32360528,4.828146542,78.68865015,65.90144689,78.7973846,83.00224908,70.75109765,54.61586077,48.65109371,46.43142649,78.97266941,81.73442624,81.77449169,71.20024694,40.56145974,40.95853454,49.24100209,77.55632054,76.06698452,84.26856947,70.3325502,83.90971969,60.20436111,43.96671849,80.5163335,9.752391839,17.87596024,1.867959755,0.58915895,1.455332194,1.397581811,0.858641004
74,AL-FixedUncertainty-MUOB-b0.3-,0.210923182,68.76210428,21.13796999,,,28.06184892,13.31529969,16.09594983,6.012887075,31.37279332,,,,,,,41.20079469,,,,,,,30.1076756,2.261093325,22.74570677,40.04732435,53.65532498,24.13312604,23.48269137,18.74037034,1.906580543,2.016880082,10.90359956,36.63944681,8.441110983,14.55910951
75,AL-VarUncertainty-MUOB-b0.3-,0.300602225,73.93896785,30.22432837,,,32.43265077,12.84638765,25.70296311,9.306919151,36.77285045,,29.25625978,16.06096371,,14.65740839,,44.06474171,,53.84522711,23.90000531,7.692016501,18.11525176,,41.07486782,12.04672769,30.71712256,36.50163815,44.2821026,25.2208211,37.18527548,26.93468085,9.066141325,2.912070983,1.727062852,26.57189,6.799971613,15.91289594
76,AL-RandVarUncertainty-MUOB-b0.3-,0.300602569,78.81970612,31.63555547,,,34.8271489,12.52844514,31.67757292,12.03658879,47.00523018,,46.56525065,17.32504962,8.710139682,16.6994943,9.958847776,46.78858881,,52.29840908,12.88766606,5.892408042,12.96609507,12.81276291,55.45978097,12.9049668,43.08636796,39.17000364,41.74444327,31.38596188,20.0385178,37.97194804,9.523228903,2.541860917,7.574866195,17.22572653,7.264306434,5.597178957
77,AL-SelSampling-MUOB-b0.3-,0.300602914,78.55347993,37.03367563,31.53535312,26.97461933,38.76753499,12.66926185,29.25008434,11.07913778,35.40193546,23.28887913,44.74375712,19.50305001,7.706225195,14.78918432,15.27108298,44.92604341,53.23150481,49.30164269,12.82695514,4.317447588,10.75898106,13.45976063,36.58067409,19.96985538,45.63685182,52.63560248,44.71926683,27.40484828,44.42564603,25.75625995,14.79760573,3.995558066,2.515403837,18.75143259,7.887127536,14.9814452
78,OALDI-b0.3-,0.333304648,95.90697468,80.53561547,79.17645592,77.62070768,80.79726322,3.851302367,83.378123,73.44369687,81.71615192,85.7507533,85.09581133,80.17399227,65.62633033,72.93158868,82.24654367,83.81103084,85.18006487,82.31511144,80.14286071,60.74024215,73.56827639,77.58736737,79.72380098,86.32938112,88.0726632,80.2293411,71.40735279,72.31415904,87.50414432,8.836666919,14.29329114,1.240898804,0.094593309,0.76770851,0.800876438,0.925081445
79,OALE-b0.3-,0.357662148,97.93003259,80.73805701,80.91588683,80.50705848,81.33036287,2.865487872,87.57930989,80.0604166,87.04613832,89.86833579,86.93239412,77.3885326,66.05293064,73.11744029,85.05173448,89.20322093,88.7394649,83.26699113,75.63781931,64.95066454,79.72174975,82.02949882,84.99291918,91.02714074,90.93807686,79.27557335,67.22427052,67.53325272,88.32130668,5.904131408,10.99264051,1.198606898,0.121397629,0.603024571,0.529535435,0.709078647
80,CALF-MID-b0.3-,0.273335146,98.61107853,88.3729083,87.76489175,86.96902512,88.57599867,1.439383917,93.5934886,89.72400251,93.9306674,94.95135562,91.85671008,80.22908592,76.57741023,84.67631511,91.77674903,94.53051804,94.70411734,90.80799362,76.51275995,73.99830969,87.37179944,90.85767775,93.33846299,95.19994635,92.9303015,84.35020022,79.34794059,82.14890309,92.71623598,3.099016177,5.065953223,0.616863943,0.123178819,0.463291684,0.365921812,0.341461761
81,OALDI-b0.1-,0.127768962,88.87140451,67.02846744,72.01893527,75.65042068,68.72227608,4.733713926,80.17739737,67.74040445,78.72341103,83.54083647,80.75701457,74.16917927,50.0908307,64.10820625,70.14616047,79.81180313,81.44232606,80.1216755,76.5903283,63.64573952,70.69599553,77.24507673,77.66795695,85.75186815,81.40571684,71.99854387,41.30833246,58.67046698,64.25304729,11.27553011,18.59514764,1.324437239,0.105470675,0.392095451,0.750330438,0.69298593
82,OALE-b0.1-,0.15549696,97.0460125,77.04228258,79.25305153,80.45170388,78.09129297,3.166171278,86.51626817,78.24151327,85.87075373,88.96092924,86.10097608,77.5504527,59.51262506,73.21329802,82.30982193,88.18925526,87.15650675,83.07356667,77.54779785,66.06700873,79.56819864,81.55959326,83.67503776,90.84291972,89.36426694,77.61558063,54.20941747,67.82748892,83.10433935,6.432475919,12.74040932,1.194535431,0.107096228,0.463029226,0.537430475,0.688222344
83,OALDI-b0.15-,0.179689748,91.94125276,73.22369684,75.48484484,76.97818722,74.05009468,4.293598537,81.76173642,70.58844324,80.19291476,84.65031545,83.09438911,76.88976156,58.16464478,68.58097624,76.10233884,81.52720383,83.40608554,80.95779812,80.43593695,63.56814873,71.95307578,76.99906158,78.90464502,85.93361831,85.35212843,73.78958864,53.61424207,65.52484597,75.23159434,10.26128742,16.27004041,1.316587744,0.0865866,0.510516711,0.78778309,0.822387788
84,OALE-b0.15-,0.206992455,97.41484256,78.86954644,80.00323675,80.35879422,79.65215022,3.030860062,87.00415826,79.07626723,86.36941117,89.37197441,86.67531177,77.15248555,62.4806764,73.09406895,83.97149993,88.6353852,87.84505206,83.61282301,75.9491675,64.59653471,79.83657652,82.03602054,84.21766427,90.95386179,89.97930302,78.40917364,60.57937428,67.41348535,86.01218918,6.196596708,11.97711875,1.157158629,0.117990887,0.552510065,0.524603252,0.690042141
85,CALF-MID-b0.15-,0.149946301,96.17149535,81.99369149,82.15261217,81.77381024,82.53804314,2.150837166,90.51921475,84.7687552,90.98705092,92.54212357,87.81656275,71.99130974,66.4563794,75.48670591,88.75012844,92.25009014,91.74520136,86.23490148,70.05912997,61.95190372,82.12012955,88.05531546,89.75844977,93.35342974,89.46075964,74.15726247,71.71494786,69.85777624,89.46367626,4.327169991,7.992852128,0.936602489,0.151781623,0.733798876,0.469142812,0.444512241
86,CALF-MID-b0.35-,0.307329797,98.69563286,88.62750339,87.92686709,87.05471592,88.81705386,1.414637996,93.683263,89.8712511,94.04182535,95.02710397,91.94085966,80.66202309,77.01962631,84.63697959,91.79851412,94.5695209,94.8605395,90.894349,76.91441,74.17530938,87.16748224,90.80140046,93.52001511,95.19433394,93.01225038,84.81980342,80.10007374,82.25427535,92.81862506,3.081598821,4.90794764,0.611068522,0.121120939,0.463414165,0.373213636,0.344102251
87,CALF-MID-b0.4-,0.339227933,98.79011126,88.83781231,88.12622991,87.25191149,89.01881132,1.39417063,93.76799446,90.00852344,94.13949114,95.09054788,91.94874784,81.2284087,77.43014336,84.62402038,92.06942161,94.68866201,94.93156674,90.82761572,77.89608311,74.20681823,87.18903873,91.0235959,93.59672394,95.25010501,93.0981149,84.88168912,80.95544085,82.20821097,93.14139444,3.012633678,4.839324042,0.616515484,0.114584144,0.467735981,0.37218462,0.336216463
