,name,avglabelcost,avgMAUC,avgGmeans,avgF1Score,avgPrecision,avgRecall,avgFPR,avgCorrectRate,avgKappaStatistic,F1 Score for class 0 (percent),F1 Score for class 1 (percent),F1 Score for class 2 (percent),F1 Score for class 3 (percent),F1 Score for class 4 (percent),F1 Score for class 5 (percent),F1 Score for class 6 (percent),F1 Score for class 7 (percent),F1 Score for class 8 (percent),F1 Score for class 9 (percent),F1 Score for class 10 (percent),F1 Score for class 11 (percent),F1 Score for class 12 (percent),F1 Score for class 13 (percent),F1 Score for class 14 (percent),F1 Score for class 15 (percent),F1 Score for class 16 (percent),F1 Score for class 17 (percent),F1 Score for class 18 (percent),F1 Score for class 19 (percent),F1 Score for class 20 (percent),F1 Score for class 21 (percent),F1 Score for class 22 (percent),F1 Score for class 23 (percent),F1 Score for class 24 (percent),F1 Score for class 25 (percent),F1 Score for class 26 (percent),F1 Score for class 27 (percent),F1 Score for class 28 (percent),F1 Score for class 29 (percent),F1 Score for class 30 (percent),F1 Score for class 31 (percent),F1 Score for class 32 (percent),F1 Score for class 33 (percent),F1 Score for class 34 (percent),F1 Score for class 35 (percent),F1 Score for class 36 (percent),F1 Score for class 37 (percent),F1 Score for class 38 (percent),F1 Score for class 39 (percent),F1 Score for class 40 (percent),F1 Score for class 41 (percent),F1 Score for class 42 (percent),F1 Score for class 43 (percent),F1 Score for class 44 (percent),F1 Score for class 45 (percent),F1 Score for class 46 (percent),F1 Score for class 47 (percent),F1 Score for class 48 (percent),F1 Score for class 49 (percent),F1 Score for class 50 (percent),F1 Score for class 51 (percent),F1 Score for class 52 (percent),F1 Score for class 53 (percent),F1 Score for class 54 (percent),Precision for class 0 (percent),Precision for class 1 (percent),Precision for class 2 (percent),Precision for class 3 (percent),Precision for class 4 (percent),Precision for class 5 (percent),Precision for class 6 (percent),Precision for class 7 (percent),Precision for class 8 (percent),Precision for class 9 (percent),Precision for class 10 (percent),Precision for class 11 (percent),Precision for class 12 (percent),Precision for class 13 (percent),Precision for class 14 (percent),Precision for class 15 (percent),Precision for class 16 (percent),Precision for class 17 (percent),Precision for class 18 (percent),Precision for class 19 (percent),Precision for class 20 (percent),Precision for class 21 (percent),Precision for class 22 (percent),Precision for class 23 (percent),Precision for class 24 (percent),Precision for class 25 (percent),Precision for class 26 (percent),Precision for class 27 (percent),Precision for class 28 (percent),Precision for class 29 (percent),Precision for class 30 (percent),Precision for class 31 (percent),Precision for class 32 (percent),Precision for class 33 (percent),Precision for class 34 (percent),Precision for class 35 (percent),Precision for class 36 (percent),Precision for class 37 (percent),Precision for class 38 (percent),Precision for class 39 (percent),Precision for class 40 (percent),Precision for class 41 (percent),Precision for class 42 (percent),Precision for class 43 (percent),Precision for class 44 (percent),Precision for class 45 (percent),Precision for class 46 (percent),Precision for class 47 (percent),Precision for class 48 (percent),Precision for class 49 (percent),Precision for class 50 (percent),Precision for class 51 (percent),Precision for class 52 (percent),Precision for class 53 (percent),Precision for class 54 (percent),Recall for class 0 (percent),Recall for class 1 (percent),Recall for class 2 (percent),Recall for class 3 (percent),Recall for class 4 (percent),Recall for class 5 (percent),Recall for class 6 (percent),Recall for class 7 (percent),Recall for class 8 (percent),Recall for class 9 (percent),Recall for class 10 (percent),Recall for class 11 (percent),Recall for class 12 (percent),Recall for class 13 (percent),Recall for class 14 (percent),Recall for class 15 (percent),Recall for class 16 (percent),Recall for class 17 (percent),Recall for class 18 (percent),Recall for class 19 (percent),Recall for class 20 (percent),Recall for class 21 (percent),Recall for class 22 (percent),Recall for class 23 (percent),Recall for class 24 (percent),Recall for class 25 (percent),Recall for class 26 (percent),Recall for class 27 (percent),Recall for class 28 (percent),Recall for class 29 (percent),Recall for class 30 (percent),Recall for class 31 (percent),Recall for class 32 (percent),Recall for class 33 (percent),Recall for class 34 (percent),Recall for class 35 (percent),Recall for class 36 (percent),Recall for class 37 (percent),Recall for class 38 (percent),Recall for class 39 (percent),Recall for class 40 (percent),Recall for class 41 (percent),Recall for class 42 (percent),Recall for class 43 (percent),Recall for class 44 (percent),Recall for class 45 (percent),Recall for class 46 (percent),Recall for class 47 (percent),Recall for class 48 (percent),Recall for class 49 (percent),Recall for class 50 (percent),Recall for class 51 (percent),Recall for class 52 (percent),Recall for class 53 (percent),Recall for class 54 (percent),FalseAlarmRate for class0 (percent),FalseAlarmRate for class1 (percent),FalseAlarmRate for class2 (percent),FalseAlarmRate for class3 (percent),FalseAlarmRate for class4 (percent),FalseAlarmRate for class5 (percent),FalseAlarmRate for class6 (percent),FalseAlarmRate for class7 (percent),FalseAlarmRate for class8 (percent),FalseAlarmRate for class9 (percent),FalseAlarmRate for class10 (percent),FalseAlarmRate for class11 (percent),FalseAlarmRate for class12 (percent),FalseAlarmRate for class13 (percent),FalseAlarmRate for class14 (percent),FalseAlarmRate for class15 (percent),FalseAlarmRate for class16 (percent),FalseAlarmRate for class17 (percent),FalseAlarmRate for class18 (percent),FalseAlarmRate for class19 (percent),FalseAlarmRate for class20 (percent),FalseAlarmRate for class21 (percent),FalseAlarmRate for class22 (percent),FalseAlarmRate for class23 (percent),FalseAlarmRate for class24 (percent),FalseAlarmRate for class25 (percent),FalseAlarmRate for class26 (percent),FalseAlarmRate for class27 (percent),FalseAlarmRate for class28 (percent),FalseAlarmRate for class29 (percent),FalseAlarmRate for class30 (percent),FalseAlarmRate for class31 (percent),FalseAlarmRate for class32 (percent),FalseAlarmRate for class33 (percent),FalseAlarmRate for class34 (percent),FalseAlarmRate for class35 (percent),FalseAlarmRate for class36 (percent),FalseAlarmRate for class37 (percent),FalseAlarmRate for class38 (percent),FalseAlarmRate for class39 (percent),FalseAlarmRate for class40 (percent),FalseAlarmRate for class41 (percent),FalseAlarmRate for class42 (percent),FalseAlarmRate for class43 (percent),FalseAlarmRate for class44 (percent),FalseAlarmRate for class45 (percent),FalseAlarmRate for class46 (percent),FalseAlarmRate for class47 (percent),FalseAlarmRate for class48 (percent),FalseAlarmRate for class49 (percent),FalseAlarmRate for class50 (percent),FalseAlarmRate for class51 (percent),FalseAlarmRate for class52 (percent),FalseAlarmRate for class53 (percent),FalseAlarmRate for class54 (percent)
0,AL-FixedUncertainty-LB-b0.2-,0.200107577,97.65418161,85.10989463,85.99650138,86.73549048,85.27006877,0.263195556,85.82753515,85.52335531,68.06141275,90.8719151,86.96728606,90.91579205,92.39818965,89.66652205,85.29149937,96.28561244,86.89542244,86.69856885,75.08833971,75.45899506,88.91442153,84.53866257,89.65973576,94.77974091,96.00833111,89.96228723,90.9940906,92.54861717,89.73504236,88.89375856,84.56751933,80.89215431,77.16309276,90.15983236,85.06368647,72.84530073,79.87360414,78.96251232,84.56021628,78.07213769,94.5457969,82.48665316,88.73738671,88.51244564,86.85237046,76.41187872,81.03119608,82.22321251,81.57261419,85.26944938,87.4243437,95.82620784,88.44721913,92.45125024,86.53398144,81.96804148,87.01437072,89.69532836,78.10975656,82.45936243,90.67120662,80.66807352,88.08198336,56.9539252,94.21729271,87.91765158,92.48417186,95.57838685,91.01329085,85.56718594,99.18987335,88.5687115,86.29981338,75.65242562,71.09634783,92.49975609,98.27116363,89.00183135,96.8335404,99.61995108,92.43800526,90.9265824,93.48556182,87.77777806,91.28116382,84.73197349,79.09018882,74.16881293,93.68976374,83.87048351,70.38548926,79.82401656,77.51950764,86.30554574,76.92877161,95.84772629,80.15789916,91.68596687,90.11119056,91.69015261,75.49216883,81.59035594,82.28065769,85.48743165,85.26594605,86.75147836,98.79618078,88.0193869,93.67051842,86.75718111,81.63824898,88.44743733,91.86490702,80.04508652,84.18828316,90.97589577,89.74883712,86.75007552,84.55478895,87.75700735,86.03928548,89.40378599,89.4734481,88.36416519,85.0452274,93.54924343,85.29127346,87.11782564,76.36095919,82.29000851,85.61105486,74.22473013,91.14703921,92.81447053,92.65187091,87.62336839,91.07033851,91.63360161,91.78611794,86.63189604,84.40908774,82.78112185,80.41292085,86.88867037,86.29535288,75.48548627,79.93012529,80.46853244,82.88623458,79.2535477,93.28372745,84.9686818,85.97495565,86.97263758,82.50213832,77.36148946,80.48119306,82.16986179,78.00419081,85.27757388,88.11099634,93.0316298,88.88265504,91.26496607,86.31639424,82.30984305,85.62909676,87.6660698,76.26961205,80.80472178,90.44210526,73.33473862,89.54191683,1.263991003,0.116301438,0.253730725,0.146249328,0.069510292,0.223197682,0.103407723,0.015887987,0.23912295,0.266289251,0.271716436,0.482868857,0.084741667,0.001217442,0.204165438,0.046948249,0.005406221,0.129823313,0.119641018,0.17292977,0.356096551,0.239423119,0.403579087,0.5370479,0.798317186,0.100926781,0.495866465,0.558291236,0.616383348,0.46227083,0.215287717,0.534099111,0.095712866,0.548532295,0.172034654,0.216179685,0.111953589,0.538997654,0.34034017,0.365048647,0.234720539,0.323559174,0.330727356,0.027736563,0.318070963,0.166067724,0.209950425,0.132214734,0.217056464,0.122640612,0.222041846,0.198965353,0.011655637,0.00896082,0.027851683
1,AL-VarUncertainty-LB-b0.2-,0.200180376,97.75656047,84.4652407,85.39733774,86.14855675,84.65913609,0.27256487,85.32803136,85.01227723,68.95366212,90.94110855,86.56534663,90.97298069,92.87711519,89.24542826,85.28748955,96.25230709,86.53627933,86.45938686,77.21803173,81.74185677,88.78297732,86.35130071,91.26192339,94.52459269,96.08498135,89.63497415,90.05010566,92.2254213,88.71081781,88.51470796,83.53923397,79.26746129,75.47628328,88.8995525,84.30927409,70.38823476,78.72721879,77.58784565,83.58661771,76.90930266,94.72720464,82.11488782,88.74541394,88.61300088,86.52686768,74.91067191,78.98023199,81.14017916,80.24790673,83.54736792,86.70858875,96.35508557,87.1907393,91.83467932,85.84170189,80.56734896,85.85049186,89.99146239,76.37210739,80.67760964,87.06754167,77.9322049,85.62639424,58.31667115,93.83630901,87.45315536,92.60403023,96.14536455,90.19702413,86.21157404,99.13706801,87.89996848,86.32152898,80.19289893,81.79665365,92.73533489,98.42033788,91.66643145,96.3813419,99.3500678,91.4996545,89.4228728,92.82837799,86.19356856,90.75768276,83.56704778,76.81426276,72.28869295,93.18952942,82.92734313,67.46858512,78.49467473,75.74686033,86.07310622,75.64134177,95.7864337,79.74452521,91.02662349,90.00891068,91.29428516,73.61090953,78.59077719,80.77691054,83.87514202,83.44521994,85.53993592,98.80197526,86.53541113,92.86458843,85.48653064,79.79682237,87.00709985,92.28030911,78.46853134,81.15429469,87.1525031,89.86758409,83.47593638,84.33804911,88.21997229,85.69596638,89.39899071,89.8244827,88.3143043,84.38610918,93.53110344,85.21535362,86.5995745,74.46308372,81.69029726,85.15506056,76.92836114,90.8667192,92.74016401,93.02814584,87.84843493,90.68777747,91.63086755,91.38089223,86.38113093,83.51356535,81.88292389,78.96347114,84.98817339,85.73946943,73.57692408,78.96238335,79.52288128,81.24143333,78.22368961,93.69278118,84.63083557,86.57664614,87.26172312,82.23393206,76.25812402,79.37824469,81.50869371,76.92259934,83.65197878,87.91022631,94.02713822,87.85764536,90.8279653,86.2009135,81.3573108,84.72538394,87.81518772,74.3884162,80.20997284,87.12280702,68.81112985,87.94307316,1.1921915,0.125137605,0.263844982,0.143707979,0.058810413,0.24548973,0.096846906,0.016927259,0.254624771,0.263598672,0.159011299,0.2240251,0.081134959,0.001136279,0.12477107,0.053832895,0.009307665,0.147751643,0.141183977,0.19171029,0.407841311,0.254510766,0.435644553,0.606445646,0.863007288,0.107113267,0.527312787,0.623756567,0.659756169,0.50414134,0.215191566,0.565931796,0.097622051,0.559990866,0.188310815,0.219409135,0.117403811,0.586531639,0.4054077,0.400125429,0.262114383,0.364362591,0.365242934,0.027884245,0.359417368,0.187972916,0.233181632,0.147114469,0.245584016,0.114538078,0.238416977,0.244203214,0.01673017,0.008352007,0.035453341
2,AL-RandVarUncertainty-LB-b0.2-,0.200180331,97.95856025,82.40559182,83.36130845,84.04785954,82.68592319,0.319521575,82.80230723,82.43179399,68.45734571,88.8370887,83.52988418,88.98431758,92.31765344,86.80570252,81.22951139,96.32017099,83.56935874,84.3469068,73.89210703,78.5076585,86.19905238,87.76738159,91.91775571,95.28090946,97.2711297,88.12633068,87.60063966,90.88365101,86.99269283,86.38353682,80.49476996,75.54459518,71.17212701,86.33586199,81.76341489,65.86524193,74.58405526,73.56131978,79.75446716,72.92972193,94.592393,78.59593121,86.6009401,86.66430244,83.35500732,70.21808619,74.80386276,76.97593841,76.29014979,80.08047466,83.25211199,96.76820505,84.39843796,89.84793553,82.79837049,76.41085779,82.27688571,87.55219252,71.97064082,77.37408348,94.7783763,84.25827866,91.61867546,59.63776204,92.62796364,84.50010793,90.91528735,95.96342947,88.19046692,82.557122,98.95278182,85.52116633,83.29647431,76.99217566,79.09078467,91.68578573,98.38873576,92.02324571,96.84666989,99.42194888,90.0300233,86.67963856,91.26404348,83.86603542,88.48055048,80.10078567,73.01903428,67.48391308,91.07548727,80.11262258,62.61762888,74.04599823,70.74831037,82.25372979,71.65961943,95.17601891,75.53290052,89.49120614,88.10204156,89.48563226,68.84776104,74.7067236,76.24622309,80.42496845,79.49638909,82.55775918,98.74405621,83.4856425,91.38547571,82.17781712,74.97900101,83.95043415,90.43370045,74.54492581,77.96538614,93.88611383,90.20462704,90.75814197,80.33986108,85.34541192,82.58336371,87.13470189,88.93960635,85.46500705,79.94749826,93.82444032,81.70543951,85.42825042,71.03596971,77.93580868,81.33460832,79.24926398,91.81374629,93.76565322,95.21161726,86.30287669,88.54328524,90.50887716,90.36317399,84.38462401,80.8963942,78.25439224,75.28831304,82.06713264,83.48549329,69.47030749,75.13404071,76.61050775,77.40384346,74.25272742,94.01671277,81.92043579,83.89314411,85.27392941,78.01380743,71.64925677,74.90572044,77.72403032,72.56079263,80.67574086,83.96037187,94.87015928,85.33398994,88.36210599,83.43339749,77.91129186,80.67062638,84.85014824,69.57302318,76.79295216,95.70175439,79.09780776,92.50833889,1.075352497,0.146671158,0.325087315,0.175247356,0.061104226,0.29272115,0.121216301,0.020642886,0.300241917,0.329155131,0.183448012,0.25387748,0.089720838,0.001199406,0.12012045,0.047186124,0.008466088,0.172972388,0.179094109,0.234707919,0.484363359,0.317851074,0.533200521,0.709633022,1.033948172,0.138687255,0.619151079,0.729043851,0.803300104,0.627193964,0.273372362,0.659849961,0.112830966,0.691341499,0.217382296,0.260811518,0.13728889,0.695717156,0.47541335,0.499608495,0.313037131,0.456820565,0.436018791,0.029508749,0.443843926,0.224339698,0.288399225,0.185833818,0.299360197,0.139911682,0.277520405,0.284457244,0.008033549,0.009231403,0.019148596
3,AL-SelSampling-LB-b0.2-,0.200147671,98.05105376,82.92221406,83.85209421,84.51158359,83.20282494,0.309761762,83.32722769,82.96812449,69.29964248,89.28298405,84.13636812,89.48567445,92.93915913,87.1558307,81.29510494,96.5650811,83.93002908,84.56893309,73.49306266,78.88803003,86.29357648,88.45247948,92.61727858,95.77689858,97.47561293,88.74712328,88.4516617,91.45057584,88.01404679,86.98117134,81.12625391,75.99927673,71.45269441,87.08323247,82.22756358,66.17289658,75.19758531,74.00095208,80.2489012,73.32194567,95.00704791,79.50008599,87.19342092,87.09384109,83.45545373,71.14470953,75.58705968,77.73892302,77.07113067,80.70796213,83.78779015,96.94706944,84.93179273,90.16488753,83.3819528,77.1389772,82.72555392,87.98828143,72.30700146,78.2126031,95.43979921,84.67638113,91.68873816,60.64869475,92.59472355,85.03239568,91.22018936,96.48872593,88.24040097,83.39223175,99.08305351,85.90401096,83.05814704,76.00366908,79.48858173,91.64211207,98.49103848,92.69809926,97.20844607,99.49459302,90.68099981,87.8334874,91.98852543,85.42445323,89.10425681,81.019493,73.32911726,68.04087664,91.35145037,80.55045278,62.72022489,74.58708216,71.17226507,82.66050084,71.889281,95.59586209,76.64751856,89.99458205,88.56245685,89.47112192,70.03518545,75.13336717,77.27256423,80.99087208,80.01895645,83.08649987,98.75282747,84.09318979,91.51204941,83.11277819,75.36202561,84.30112768,90.72092541,75.41812817,78.98583441,94.58291567,91.09362151,90.35110766,80.83164913,86.20057551,83.26228207,87.81631768,89.64251668,86.10019149,79.30672402,94.17219715,82.04686672,86.13917242,71.15692049,78.29896716,81.53710579,80.29931305,92.53833566,94.38793333,95.53734334,86.89646433,89.08088235,90.92069514,90.76673758,84.95793876,81.23395871,78.87400775,75.22816315,83.19770378,83.97738569,70.03129646,75.81954361,77.0662768,77.97756581,74.8162579,94.42576649,82.57501286,84.56287175,85.6742956,78.20197947,72.29167114,76.05005387,78.21176995,73.51588369,81.4108345,84.50183116,95.20627312,85.78827957,88.8578545,83.65401741,79.0144246,81.20991978,85.41961429,69.44539849,77.45769204,96.31929825,79.15261383,93.08872582,1.037286678,0.148857189,0.31460033,0.170114108,0.053288782,0.29354353,0.113353303,0.018118283,0.292270078,0.337594182,0.194307764,0.248938567,0.090454947,0.001140788,0.110023527,0.04189341,0.007423263,0.161643921,0.162412008,0.214483811,0.431521194,0.300575602,0.504751322,0.704029879,1.007288177,0.135836889,0.605752292,0.731766798,0.787850597,0.618033354,0.267841363,0.657270551,0.102999126,0.655435819,0.207473866,0.250588764,0.137805563,0.663616761,0.471810725,0.474485998,0.305889516,0.446319314,0.422762742,0.029402602,0.426617413,0.221994201,0.27083852,0.184599735,0.293546307,0.136247012,0.264376549,0.270181212,0.007104345,0.008320439,0.020213912
4,AL-FixedUncertainty-BOLE-b0.2-,0.200171412,97.46179172,78.14985242,79.47549192,80.453524,78.52166079,0.394090989,78.78825283,78.33063242,65.51883626,85.87266359,79.96884397,86.47546051,89.57989891,83.57281129,75.7343993,95.59430825,79.20436045,80.83703767,68.64575343,74.56736146,83.17296858,83.67799623,84.80014103,93.00465492,95.69318689,84.02297893,83.70770418,89.30552408,84.4929142,83.4365354,76.9420758,70.36391521,66.343992,83.44673781,78.10938858,61.60651012,69.82350667,68.64058755,76.44835667,68.07839108,90.58855878,73.50106488,83.67824807,83.83778307,79.85209708,64.1232478,69.15193125,71.45429967,70.61888339,75.03789268,76.61079365,95.67445434,79.28867975,86.77786126,77.60449615,69.09085775,77.76302681,84.67028845,66.64710299,71.96774767,92.20035088,80.15787357,89.39937312,57.8758851,90.76038924,80.9962831,88.87522817,93.88043638,85.47076663,78.12223936,99.28052254,81.26359765,80.09265299,71.26389129,76.25470377,90.35375032,98.89448108,83.34238413,95.67321714,98.82157944,86.07274468,81.63165794,90.92138194,80.91435217,85.34371775,76.94559837,67.22955202,61.40336239,89.09316767,76.3628947,58.47993462,68.94658286,65.97990665,80.02018848,65.11402625,90.50052172,69.54785639,87.36985341,86.48137973,86.9291346,62.46241171,69.61307373,70.32260703,74.73873672,74.49427982,75.52150466,98.49177513,78.55955367,89.48869616,77.88768592,66.84614437,80.02274987,89.00202163,68.91155483,72.565271,93.58550912,88.40983397,87.51058783,75.50677167,81.48673132,78.97132932,84.20500993,85.67178826,81.76283557,73.49294706,92.1743651,77.24907221,81.60423589,66.23159445,72.96227742,77.05291184,72.63493621,88.20807322,90.50267918,92.76164269,82.08059815,85.89587958,87.75140548,88.41100991,81.62043936,76.94151904,73.81230954,72.1561296,78.47609429,79.94377485,65.09219414,70.7276713,71.53253504,73.18386528,71.32679846,91.16210215,78.38511631,80.28842742,81.35510121,73.84469697,65.88082624,68.70922715,72.63018279,66.93501656,75.59216459,77.74251103,93.01974032,80.03763762,84.231899,77.33532504,71.50346318,75.63406612,80.7488185,64.53711654,71.3862386,91.47719298,73.44435076,91.37869691,1.087618456,0.179116457,0.397654118,0.212177334,0.091271747,0.355485391,0.147686427,0.013883019,0.386615779,0.389881403,0.231085516,0.279921926,0.100048515,0.00075301,0.367650522,0.06350342,0.016982487,0.240461614,0.254435134,0.237257332,0.58111101,0.405595825,0.611528307,0.882938152,1.29303291,0.16569241,0.739378283,0.812451294,0.97158739,0.730367973,0.299095169,0.858363208,0.25788288,0.929193518,0.256081345,0.288043018,0.166213472,0.849523878,0.562514256,0.632384389,0.401087134,0.568144883,0.619420297,0.034848383,0.574203228,0.26648464,0.350051625,0.253386242,0.366500057,0.155613487,0.340108678,0.353820139,0.008128273,0.01026413,0.026474898
5,AL-VarUncertainty-BOLE-b0.2-,0.200180331,97.4045754,80.54914963,81.58270267,82.35145029,80.82825193,0.33831487,81.78989757,81.39730087,68.28379087,88.62091535,83.53149426,88.45623369,90.59513961,86.22776462,80.08860743,95.11111231,82.6899386,83.25949803,72.7544643,77.58244368,86.4561056,86.41108947,88.11927901,92.46799048,94.94593651,86.15194486,86.7794722,90.20875742,85.60995995,86.04274959,79.80766713,74.45482291,69.97282757,86.60566978,80.36573197,66.00274443,74.5191987,73.22516835,80.60356208,72.31681757,92.13466787,78.87180368,86.10007234,85.98039988,83.58231538,69.36288694,73.8520204,75.85529981,75.35353011,78.2997794,80.97219697,95.25448284,82.24232641,89.35079317,81.88186285,74.25170079,82.19598781,88.10491721,71.89975342,76.00781884,77.80105078,64.02291579,76.05566432,59.5543115,92.2233496,83.58802969,90.42121601,94.20978918,87.5507926,82.2989722,99.28742896,84.23183516,83.30112507,75.84038564,77.85637477,91.95624034,99.23740201,88.04606335,94.9953298,98.69856493,87.73105371,85.70772807,91.92864785,82.09227277,87.87558662,80.22022456,71.55862826,64.7995804,91.27772405,78.62911975,62.78893388,74.07203373,70.77406619,84.40466316,69.50370626,93.55943784,76.29058404,89.47981812,88.03548418,89.30829869,66.9274073,73.60957306,74.86808343,78.5503022,77.77111103,79.8349439,98.19740584,81.24904647,91.05142198,81.88848593,72.42509353,84.01173783,91.47216795,73.94721329,77.29960864,72.52726319,71.16930724,79.19478996,80.04460241,85.28999254,83.47800914,86.58050373,87.25649078,84.94742927,78.00177114,91.27333864,81.20623476,83.22305357,69.91901557,77.32462148,81.57835527,76.56526006,88.20837627,90.08348382,91.47309544,84.63819541,87.88221421,88.55539037,89.44933847,84.28720217,79.40525178,77.59997743,76.04750215,82.39322827,82.18470427,69.56889132,74.97724124,75.85700362,77.13362612,75.37076532,90.75519109,81.63954788,82.9677554,84.02909165,78.54777615,71.9903048,74.11107846,76.87561302,72.41282078,78.83853107,82.14649263,92.48509096,83.26515178,87.71296058,81.87929103,76.19368368,80.4616768,84.97989256,69.96526423,74.76251828,85.05263158,59.19055649,73.48676896,1.076381551,0.155291023,0.351836258,0.184806136,0.087837897,0.309080972,0.120417751,0.013625501,0.330048862,0.320702305,0.192662897,0.271234364,0.086784404,0.000545594,0.181081532,0.073439267,0.018473543,0.214374036,0.192941851,0.210597229,0.544012217,0.336521748,0.519489228,0.756968967,1.1774553,0.135928541,0.667373722,0.724973183,0.800691143,0.620284457,0.233318407,0.742768785,0.147989476,0.661324572,0.215255114,0.258862791,0.140759291,0.763566972,0.498268216,0.532413953,0.350609106,0.494668347,0.510034811,0.041549463,0.505417382,0.232153398,0.288600599,0.207371286,0.29737631,0.123564786,0.287902411,0.287884769,0.046103819,0.024487797,0.039204516
6,AL-RandVarUncertainty-BOLE-b0.2-,0.200180286,98.09773721,79.65091499,80.78404192,81.55967794,80.02304201,0.3692806,80.12500659,79.69618392,68.02992954,87.08937851,81.06976158,87.21457813,91.14688089,84.29147623,76.19520568,95.92357481,80.32329257,82.62240193,69.87046137,76.1690286,84.19114406,88.67930615,90.63218029,94.8806584,96.72216562,85.87988488,84.76648765,89.95644113,85.36413004,84.71654949,77.718975,71.69025126,67.03680334,84.5062978,79.13560715,62.57050055,70.96958589,69.86994532,77.57311838,69.36236867,93.72753641,76.06365028,84.81575806,84.93083439,80.8990507,65.49382565,70.82798786,72.91282173,71.64667678,75.89336094,77.76038388,96.30820319,80.36045843,87.61587487,79.06307941,69.98349247,78.54794052,85.8573701,67.86725245,73.13058783,94.11267173,81.89732286,90.31208312,60.89798259,91.01622224,81.68715496,89.45432143,95.20148342,85.73238774,78.74971992,99.25686526,81.9445383,82.49632765,72.7056185,77.49549883,90.75855483,99.29871797,90.79060646,96.66818738,99.06901291,87.23571398,83.31382082,91.13044929,81.73307557,86.33048209,77.94692103,68.87305741,61.84897402,90.02034039,76.97944407,59.36392285,70.48968544,66.85295541,81.1504185,66.3623294,94.47434133,73.07516641,88.14670721,87.25313434,87.63671382,63.51252137,70.70636093,71.70355445,74.80978254,75.36902104,76.62058567,98.49859295,79.28777936,89.78888976,79.37382599,67.65409285,80.60846839,89.55543669,70.39604759,73.74693422,93.41950613,88.79842827,88.49160454,77.06065463,83.48843653,80.46383462,85.08825611,87.4249986,82.90006142,73.80732494,92.80749491,78.76768105,82.75452394,67.25862432,74.89134861,78.5123936,80.15210991,90.47699861,93.15935937,94.48449137,84.56773539,86.27705327,88.8142718,89.3339871,83.16316557,77.49476914,74.74812836,73.17705201,79.63138172,81.41696695,66.14792791,71.45823502,73.17529936,74.30305743,72.65154622,92.99310452,79.30993488,81.72972973,82.73115655,75.12799365,67.60687244,70.95357038,74.16919305,68.74637831,76.42855645,78.9371772,94.21359553,81.46593267,85.54719574,78.75585303,72.49602847,76.59315175,82.45428127,65.52064632,72.52698656,94.83508772,76.02866779,92.23704692,0.97881894,0.177938301,0.387139524,0.201961388,0.071982664,0.352921228,0.1429042,0.014448641,0.376779856,0.337401342,0.2183219,0.267987359,0.097244311,0.000527558,0.138544589,0.04963349,0.013579586,0.223955075,0.227524691,0.234129558,0.556255004,0.380987432,0.581566935,0.828946743,1.286578727,0.152288358,0.727352779,0.795948585,0.91239368,0.718377405,0.282598324,0.827267497,0.128796176,0.76139178,0.242553944,0.273766175,0.15872399,0.833455274,0.551008804,0.603827319,0.410527122,0.548403819,0.592017384,0.035120673,0.559547284,0.262029582,0.326092727,0.247755739,0.357664415,0.149917465,0.321741916,0.338476143,0.008619939,0.010273149,0.024416491
7,AL-SelSampling-BOLE-b0.2-,0.200175646,98.12562863,79.41564363,80.56078222,81.32569495,79.81014067,0.373934906,79.87434471,79.44014016,68.27099621,87.10198537,80.69918647,87.19272938,91.18612038,84.00269964,75.52258364,96.00910703,79.99198804,82.41499282,69.45960381,75.4652375,83.96302689,88.24322738,90.75299537,95.10646514,97.05559966,85.79407739,84.57153797,90.04699642,85.24035193,84.69502723,77.80068777,71.33947409,66.38995643,84.2997823,78.743669,62.04074278,70.78997871,69.36147519,77.14905302,68.55680406,93.75750651,75.55913769,84.60498216,84.82406567,80.66604397,65.18215728,70.56327642,72.4459705,71.2195491,75.18252837,77.39956683,96.47112523,80.03680783,87.29503903,78.61556736,70.32907251,77.72571924,85.54547345,66.89272798,72.58554951,94.26946912,83.01659736,90.5906329,61.60909916,91.01526566,81.42448814,89.35950385,95.17714458,85.36266649,77.98041787,99.23903121,81.5246225,82.05223756,72.87920312,76.59685702,90.76688391,99.1762845,90.96751492,96.70579213,99.07252295,87.28993822,83.09266127,91.15135111,81.45429487,86.47707159,78.1382846,68.55993434,61.08404013,89.39870814,76.58654259,58.58578305,70.14379885,66.32513618,80.51664815,65.59170314,94.45088419,72.57073545,88.3148941,87.31517048,87.23888978,63.48010554,70.5629238,71.25796252,74.24830775,74.21754815,76.54117609,98.44405498,79.43348583,89.60918328,78.81831184,67.80477153,79.94880959,89.0966785,69.68768398,72.87167725,93.56015428,89.03808884,89.09629266,76.57235115,83.51209634,79.99120794,85.13050031,87.51920597,82.68724934,73.22221519,92.98314308,78.51850281,82.7846437,66.36569205,74.37307963,78.1122736,79.49950932,90.54427541,93.55990408,95.12009093,84.35153973,86.10571587,88.96994241,89.39664916,82.98562707,77.46913796,74.35574282,72.71097166,79.75230553,81.02696322,65.93511202,71.45184125,72.69818064,74.05577778,71.80666065,93.07452569,78.80635946,81.1971199,82.47380734,75.01619013,66.98054525,70.56616711,73.67788676,68.43180877,76.17583524,78.27965067,94.57688533,80.65056808,85.0979988,78.42348683,73.07047086,75.6300433,82.26935157,64.324799,72.30761195,95.02105263,77.77824621,92.15921726,0.944658014,0.178021141,0.391718089,0.204098327,0.072490874,0.362706629,0.148430531,0.014825722,0.386339619,0.347901945,0.213723545,0.2800861,0.096701709,0.000608721,0.135787142,0.04925838,0.01362075,0.222400277,0.230550747,0.23388896,0.567085518,0.375397354,0.574963317,0.836659142,1.320489832,0.163094086,0.74001853,0.819405352,0.927741057,0.731254631,0.293440547,0.846221556,0.129464852,0.776072063,0.237102466,0.271421253,0.164306809,0.826654187,0.551724739,0.613036755,0.42067316,0.580855956,0.589723423,0.036574419,0.548996854,0.265781453,0.335964617,0.24787824,0.36810278,0.156976872,0.326873672,0.352994065,0.008471086,0.01026864,0.022913313
8,AL-FixedUncertainty-DACC-b0.2-,0.175445704,83.59083774,62.80477969,67.21938313,71.97002577,63.14624964,0.658427589,64.53638003,63.77653081,39.82037924,74.33325446,71.13434186,71.08186246,69.75537051,69.00052972,56.59660039,64.89266585,65.25858865,61.82342301,57.34226633,57.46865335,69.25938633,66.5603368,68.07508717,72.65560085,76.60372577,77.30373533,60.04773588,68.34640408,69.19631177,73.91732285,63.34577174,62.95602538,61.90418463,74.18511148,66.64443331,53.58326747,65.93543013,64.01441375,64.11183636,65.424052,79.14450618,60.07466535,65.39836525,66.70527361,65.80656247,63.47250001,66.2360977,65.74849743,70.77245797,72.3579565,74.59962389,68.43335491,68.18979042,74.47574915,61.50924008,61.72144987,71.38556681,70.80067308,61.77293121,57.63842964,61.57912295,50.56254173,56.12811206,28.92287664,85.10110846,80.17813927,81.73619921,78.0017313,79.45889913,60.33939277,70.56400916,75.36124772,62.6387547,67.31264603,60.84660398,84.82482858,88.64476724,73.46052965,81.1531684,88.04423631,88.51221881,61.58296052,70.40308145,69.19213586,85.19708504,64.81393954,64.2582787,60.03123298,88.30274897,68.956007,53.1135665,65.21806123,66.37347708,74.31497331,71.11892946,89.14230501,59.74401739,77.30696724,72.15905882,81.0282212,65.41381265,69.99209048,66.71648089,81.40628072,78.67192962,77.8067613,69.31056765,68.45737466,79.64804026,58.70286648,75.86412721,77.68764573,84.85207872,71.44715132,65.39910782,53.20776082,60.22650677,76.18242955,64.18054684,66.05456677,64.15564086,62.98677871,70.13430158,62.87458901,58.37307863,65.73865145,58.01972219,62.31348457,51.20845604,55.3055936,58.65376683,53.64573111,69.6133099,68.00053288,70.93859361,68.73906983,64.61258324,70.75494267,69.88847151,65.5552885,64.2347259,63.47372183,64.39695674,64.04629654,65.51208375,54.83086874,66.98381769,61.87343358,56.72969873,60.62730703,71.28540263,65.17114112,57.0967338,63.88973655,56.17485337,62.3131207,63.69845235,66.35911725,62.67409975,67.20475661,72.40548408,71.03079943,71.45467656,70.64072833,65.78265491,52.86204486,66.43602546,60.85008953,54.7826087,56.08364092,76.6,47.45784148,46.33311096,3.121534981,0.251513194,0.344519757,0.287140225,2.042312364,0.582804215,0.460073848,1.346813826,0.430032845,0.767866408,0.24868831,0.469324468,0.128838339,0.007448941,1.523903595,0.351546918,0.280894817,0.162519928,0.847866083,1.211771532,0.908744471,0.346149104,1.180373567,1.046860094,1.257917147,0.147366665,0.9575586,0.898412073,1.102773577,0.621667277,0.334854358,0.554504088,0.207243373,1.662796298,0.396521368,0.780094239,0.237171518,0.738396508,0.559710175,0.784802176,0.253719717,0.405161404,0.545044259,0.999891546,1.154823632,0.555078026,0.80895033,0.121289471,0.384662721,0.174325719,0.267092824,0.780243578,0.096646163,0.043906665,0.031350071
9,AL-VarUncertainty-DACC-b0.2-,0.200180376,92.13111415,72.23179244,75.36723407,78.3817841,72.57600345,0.475088717,74.42408628,73.86939046,35.48146476,80.59480457,76.6820104,79.08232935,79.04459421,80.48507935,71.05944726,84.70719345,74.79605782,72.38832195,63.40043045,65.09586245,72.74705912,69.12686173,80.36812918,82.0819182,90.29701188,80.81466554,81.55156096,83.56399106,79.32621656,81.52269601,74.51007458,70.53841241,69.83451081,78.27197202,77.38845552,63.3293997,71.69594713,67.76094668,69.27038725,70.18713876,84.74960511,74.74578877,76.11299446,75.98979729,73.14199888,66.64501243,70.88122357,72.4608113,74.10840306,77.16430656,79.13893969,88.1630168,81.03163917,82.39752553,73.59396217,68.3437824,76.40356789,75.92162577,66.07382651,69.62223214,77.35642937,70.38691981,79.152891,23.15258936,87.20461065,79.87539367,85.35223157,88.99353709,83.87583116,73.56144543,92.39675225,78.314989,72.54974172,73.64440796,68.56861096,83.12829278,95.33606753,84.33150228,86.14250007,98.71062173,85.76619274,81.29686314,86.64442583,78.61749487,86.42111787,73.6247094,68.12912672,64.8517222,88.52289372,76.27311497,62.24460254,66.11388216,64.53487376,74.09703456,69.86250139,88.07162741,73.31662679,80.67436287,76.81290286,85.17148438,63.21820583,71.23687626,70.79598286,79.68391697,77.61197196,76.62254195,95.72843474,80.53021581,83.66002238,73.43965389,70.98844838,79.18467749,86.9462004,74.68696917,76.18908833,84.90461674,89.40178976,89.98182712,75.90099194,74.91804327,73.73662428,73.67204804,71.09768407,77.35899845,68.73489784,78.20148659,71.58074435,72.23101379,55.66628103,61.9616481,64.67581655,54.23945044,76.76222801,78.38953196,83.20611372,76.40577874,81.81707825,80.69701475,80.04969749,77.15105193,75.41846841,73.12666943,75.6500252,70.14989236,78.53799081,64.45557207,78.31143723,71.33110554,65.03594506,70.51944057,81.67069227,76.23525028,72.0429928,75.18889228,64.0954912,70.46760044,70.53139387,74.20731164,69.26376242,76.72804681,81.82758945,81.70717898,81.54120792,81.17478313,73.75140042,65.90264981,73.81457204,67.38104324,59.24869253,64.10091232,71.07017544,58.08178752,70.65599288,4.98249689,0.237416747,0.398735488,0.254484125,0.143621943,0.380346222,0.177405202,0.133813177,0.430221555,0.525025597,0.172301999,0.35004264,0.159730176,0.002434884,0.215240957,0.194929241,0.016625731,0.229518407,0.247908347,0.336901894,0.606624533,0.350719433,0.716626643,0.839469944,1.168804934,0.156843444,0.729811698,0.687305749,1.224248113,0.776207774,0.372197757,0.68356211,0.26194105,0.72292537,0.380829951,0.514150613,0.167150801,0.879756044,0.533807993,0.63143264,0.313009623,0.486091481,0.613609236,0.089181587,0.518297969,0.427098041,0.425045034,0.192530532,0.376699621,0.157727191,0.234634244,0.262650696,0.016319696,0.007391436,0.01597522
10,AL-RandVarUncertainty-DACC-b0.2-,0.200180286,91.68406897,70.66981315,73.60769874,76.35266221,71.053321,0.508753132,72.61511494,72.01983476,36.60051786,78.68058162,74.16760256,77.28147623,78.08900393,78.41082326,66.80464233,84.34166729,72.45306394,70.86342867,61.14193117,62.56189453,69.25146784,71.74749513,80.28371799,80.76143943,91.11409584,79.20166101,79.82676322,82.80341325,77.88473679,80.58823112,72.8994771,67.98443534,66.58571657,75.48280236,75.54387054,60.6687888,68.58385404,65.18797923,66.36633024,67.15643154,84.00519938,72.09373724,74.66135709,74.54520478,70.61288505,62.73883653,67.60320092,69.68261421,70.63984383,74.81625751,76.24361464,88.13777296,79.1702497,80.43580946,71.09630623,65.55961139,73.41461152,72.8330608,63.28970129,67.57345168,79.88531907,73.97184186,82.0133394,24.51811243,85.51456134,77.53395735,83.79750481,87.67298797,82.09558863,69.77378322,91.40016104,76.12403937,69.58128892,70.21724453,65.35811038,80.77974036,95.76628019,83.08408314,84.5612469,98.40692866,84.44013008,79.24416469,84.88932677,75.81854807,85.09866272,71.84039343,65.13663264,61.40269414,86.83644975,74.22859102,59.80281438,62.57598608,61.7601835,71.83549485,66.98767586,86.20124037,70.00793227,79.10589897,74.58812964,83.99112121,59.471394,68.24465279,68.10569557,76.80283348,74.6234341,73.32151497,95.02513602,77.47398645,81.14534945,70.62070485,68.15907664,76.3382452,84.96110474,72.17253705,74.27156107,85.69913797,90.07384589,90.90852147,72.16670151,72.86070553,71.08485407,71.70757884,70.39701677,75.04389927,64.08881017,78.29616848,69.12289259,72.19826453,54.1486117,59.99851923,60.61649229,57.39450442,77.66894963,77.29269665,84.8284629,74.57685971,80.42487514,80.81987663,80.06814706,76.53303209,73.99375785,71.09928144,72.72982947,66.7563186,76.90963593,61.5656052,75.87191158,69.02162814,61.68032672,67.32897219,81.91963068,74.30949128,70.69456329,74.50554369,60.91489492,66.38918084,66.97668724,71.33838609,65.3970923,75.01247877,79.41327824,82.18219219,80.94762391,79.74216267,71.58513114,63.17214209,70.70943468,63.73763466,56.36328155,61.98655895,74.86666667,62.7613828,74.71203024,4.394102968,0.266562289,0.442109913,0.2790796,0.161706889,0.418596142,0.199315425,0.153150075,0.470692906,0.60637658,0.198578963,0.391847829,0.175643462,0.00235823,0.238681547,0.218140331,0.021002849,0.248735523,0.277361042,0.389634485,0.71147076,0.38774095,0.769390844,0.934072604,1.303337364,0.17453221,0.797784561,0.72749443,1.383988963,0.846152751,0.396153209,0.745348195,0.310505357,0.829403646,0.412093073,0.574943519,0.17390871,0.970714832,0.584125414,0.689254845,0.350233157,0.560060623,0.710394091,0.105232796,0.618952401,0.499137671,0.47461501,0.211019089,0.425474755,0.17589956,0.253967198,0.281550008,0.01621595,0.007409475,0.015167205
11,AL-SelSampling-DACC-b0.2-,0.200139021,92.02496045,72.36760479,74.70593907,76.78028529,72.74078505,0.484871772,73.90150838,73.3344377,43.18297146,79.6220071,75.08778636,78.226685,80.0327631,79.16222068,66.76563445,85.34370636,73.48927064,71.70227784,63.1965753,63.37237834,69.73799218,75.35295327,81.4062392,82.26692919,92.40251886,79.99307973,80.63911424,83.7113255,78.94678335,81.16916416,73.71649303,68.76155689,67.50387875,76.15670424,76.27556348,61.10860388,69.48242076,65.73602064,67.55264425,68.15646219,85.14571709,72.81309424,75.96637172,75.45108786,71.28157713,63.60426842,67.8229391,70.60884638,71.24250385,75.27789092,77.20562159,89.12198387,79.76134879,80.86234163,71.63003566,66.89766623,73.8542349,74.01564807,64.33714045,68.88663711,83.98172285,79.03880769,85.28437615,30.84073975,85.61622554,78.12143404,84.04926274,88.40140201,82.70909926,69.66533408,90.99278823,76.76120144,69.16329741,71.3721687,64.65602372,80.76995554,96.29324735,82.88769394,85.22592701,98.65478405,84.48735664,79.55600459,85.23232165,76.62421289,85.30977132,72.3491713,65.56461286,62.28567286,86.83440822,74.62647628,59.69728158,63.27675397,61.7747692,72.35090227,67.58320305,87.20394831,70.45172554,79.97755396,75.36950034,83.98615319,60.55106967,67.43620326,68.94452318,76.94897392,74.78541177,74.54042815,95.06750194,77.50320972,81.1304045,70.81522966,68.92379742,77.10408483,85.3797506,72.59154804,74.61681484,84.58071981,90.76994825,90.50368678,72.00037169,74.41372695,72.28271825,73.1621492,73.11445074,75.90761282,64.1039914,80.35749049,70.49135829,74.43836206,56.71119058,62.14674416,61.36460794,61.92836114,79.98393842,79.51182687,86.89647953,75.95615258,81.76366537,82.24586046,81.41795758,77.41447548,75.13774585,72.29336744,73.68068538,67.81991655,78.00260934,62.59551939,77.04486291,70.24877007,63.36345073,68.74272004,83.18574935,75.33988679,72.34143796,75.53514393,61.9174609,66.98848159,68.21774904,72.36290682,66.32838369,75.78049957,80.07042915,83.87710425,82.15871118,80.59864296,72.46674902,64.99332783,70.87247687,65.32597528,57.77339786,63.98495717,83.42105263,70.01686341,80.64265066,3.193334485,0.269981702,0.43443449,0.279511583,0.156698046,0.405840008,0.200277315,0.165432799,0.463370044,0.637579948,0.19680687,0.418690344,0.177804751,0.002200413,0.249368371,0.213108365,0.018121361,0.25244594,0.27672662,0.385956113,0.692106412,0.385766346,0.761649628,0.931972579,1.271775341,0.17735508,0.792416695,0.743039066,1.363957525,0.860936523,0.396748432,0.74078356,0.289103121,0.823186712,0.399661493,0.559100324,0.176775563,0.93663117,0.617489847,0.67261073,0.352277953,0.561036627,0.672167558,0.106446559,0.627075584,0.504975971,0.475914786,0.209322225,0.40861172,0.174444672,0.25486047,0.285589103,0.019639568,0.007643981,0.017184985
12,AL-FixedUncertainty-ARF-b0.2-,0.200178034,98.41452192,78.11977148,79.08177601,79.59626698,78.57391803,0.3960036,78.68409044,78.22404283,70.62868527,83.89083935,78.85097398,84.77619362,85.58691824,82.53806965,70.8810047,90.25234151,77.78145613,81.62776652,67.76238035,74.21618048,79.46570241,87.63698183,88.21582391,91.59152026,95.55824798,83.23033987,79.89559035,87.49989263,83.50282824,83.34304417,76.8070489,70.6680974,68.39415752,84.1930103,79.41463679,64.40570653,71.63144255,70.41021008,73.78850532,69.69445652,89.61379909,72.62176401,79.44078734,79.77946355,78.71569339,66.5079331,70.41634591,74.30872939,72.28887712,76.36091293,78.35156794,94.20434883,80.32436089,83.47246484,78.75161998,68.16199064,76.84823573,82.0709336,64.90540647,69.50407865,95.4578195,84.37268967,91.66863466,65.81329955,84.87946702,77.87015552,84.28350272,87.99038392,81.95614482,72.10705357,88.88446206,78.43522454,83.02658097,71.85262644,76.33615606,81.81573218,94.47161351,87.42192295,92.27487339,96.70740248,84.1729574,77.70313817,85.9180575,80.74851087,82.30285606,76.50519512,69.42294236,67.81004035,86.52355689,77.1334385,64.57216022,70.58201478,69.78595223,76.09011776,70.78142997,89.07740427,69.85472843,78.84166102,79.95432722,81.23649471,68.7603816,72.03917556,74.29560493,75.53862104,77.45647882,77.88692665,94.94523362,78.82513613,83.67299558,80.28863742,71.96762835,77.98497341,83.34482149,68.9570825,70.35665723,96.38721516,90.46373363,89.47979498,76.20902734,82.92699563,79.85954153,85.275729,83.31295912,83.12985511,69.70586375,91.6635696,77.14070618,80.27824923,64.1212663,72.21374894,77.24978438,81.74190383,89.02539548,90.91891412,94.43663446,82.30997339,82.2204495,89.14253003,86.45385945,84.41090227,77.11378853,71.96042286,68.99354608,81.9863396,81.83601516,64.24353859,72.71308743,71.04799035,71.62577974,68.64203101,90.15699871,75.62130702,80.05342795,79.60838165,76.34866813,64.401021,68.86791067,74.32322782,69.31032699,75.2970785,78.82280026,93.47550389,81.88240881,83.27389848,77.27471202,64.75376501,75.74481176,80.83746734,61.31137304,68.67295773,94.55789474,79.08094435,93.97820769,0.783055152,0.319017823,0.487122498,0.320049081,0.185707215,0.468137618,0.193507786,0.238310603,0.460369098,0.315275233,0.217149592,0.275844928,0.208837938,0.004409845,0.193295699,0.117629084,0.049177404,0.28008373,0.310583755,0.395672568,0.574336729,0.525096482,0.6282362,0.777812291,0.933674344,0.220206803,0.724712921,0.619630889,0.924208282,0.609028943,0.368498215,0.636538542,0.261724307,0.850199173,0.474099033,0.452113839,0.264001972,0.627775308,0.501030993,0.530395509,0.397859475,0.481091762,0.550019893,0.121722436,0.578225521,0.437659721,0.302330626,0.180253223,0.414985874,0.251828217,0.32244833,0.379250463,0.004569335,0.008933762,0.022461908
13,AL-VarUncertainty-ARF-b0.2-,0.200180376,98.63379216,82.78078801,83.49660643,83.97683708,83.02186052,0.308183299,83.40925749,83.05196719,74.6862969,87.88811462,83.23873556,87.84016733,89.24766324,86.44549738,78.0992897,93.31213699,83.32224648,86.0779939,73.70762766,79.60770877,84.43236127,88.62087747,90.1019927,92.98277884,95.12353992,86.98442966,85.02416772,90.20155126,86.90930654,87.25320647,82.45474042,77.45138959,75.25622597,88.06459053,83.69182139,70.67143568,77.76864373,76.60765389,80.15144556,75.51204661,92.50283126,79.10635541,85.00507049,84.91085772,83.250047,73.51407843,77.39106575,80.41565639,77.89989066,81.99312445,84.10174707,94.92851681,85.17330212,88.23559988,83.8334402,75.45574078,82.3318024,86.41973362,72.60126237,76.10996925,94.05319918,81.3772004,89.97751985,68.96649717,88.82303263,82.51964996,88.04436021,91.06187948,86.08821109,79.45876029,93.73350712,83.50205303,87.48720719,77.62928639,80.67425965,86.04680754,94.84857089,90.24275005,94.42958621,97.59875781,87.62447141,83.4190478,89.39131573,85.09137941,86.61690004,82.58239731,76.76115944,73.8710582,90.42379209,82.15614321,70.23735003,76.85643937,75.63802138,81.232437,76.00626105,92.65370218,76.91753442,84.98488394,84.99099063,85.02153144,74.49818272,77.85712725,79.98722898,79.84031024,82.62094834,83.97216945,95.85311859,84.64109876,88.49698445,84.993475,76.92670625,83.05666708,87.17947005,75.62036404,76.89265415,94.66716466,90.54357806,87.44679866,81.44330615,86.9736758,83.97143654,87.64026214,87.50827118,86.80763811,76.79296603,92.89554022,83.14558371,84.71445988,70.16617585,78.57216896,82.87921401,83.1844946,89.96666465,91.58115989,92.77211139,86.3571157,86.69984739,91.02800704,88.81041819,87.90110401,82.32947412,78.15601369,76.6963081,85.82693279,85.28718315,71.1196307,78.70495821,77.60512392,79.10067414,75.02768436,92.35439635,81.42644215,85.02681832,84.83267216,81.55241935,72.55700221,76.9323636,80.84997771,76.05365273,81.37748789,84.23288572,94.02204273,85.71722537,87.97715365,82.70632846,74.0509627,81.62095648,85.67587401,69.81773476,75.34438331,93.48070175,74.20320405,92.72403825,0.724830895,0.236303022,0.381718872,0.239562318,0.140302554,0.358839594,0.142459553,0.129131854,0.356597111,0.232739661,0.174751123,0.231910032,0.163446316,0.004170866,0.146880952,0.083498626,0.034916322,0.220804202,0.226954168,0.292567097,0.433665071,0.39296021,0.460565349,0.580705341,0.773264946,0.156756375,0.553377325,0.530034931,0.722830825,0.494902631,0.299131798,0.532132311,0.173385321,0.636697195,0.331471973,0.339322635,0.215078002,0.532868393,0.410065871,0.417279901,0.340362204,0.375812224,0.39514751,0.09948242,0.409081137,0.308023546,0.232687351,0.158706681,0.323157649,0.196437264,0.262913588,0.296789034,0.00680664,0.00863161,0.027161033
14,AL-RandVarUncertainty-ARF-b0.2-,0.200180196,98.44948669,78.9574271,79.83381604,80.31835791,79.35510939,0.380205259,79.53362979,79.0921848,71.59107797,84.60889288,79.38496302,85.56104476,86.60530576,83.06777493,71.71815176,90.7210889,78.85279602,82.41825616,68.1182232,74.94293685,80.15314707,87.59852613,88.68758319,92.08785158,95.3693758,83.90471448,81.33397735,87.97098828,84.22907066,84.34189035,77.85971111,72.19552678,69.62612297,85.34049731,80.11634795,65.78935566,72.56487048,71.26056619,75.24663027,70.76502961,90.0694854,73.61631399,80.7338571,80.8023536,79.5342138,68.15863461,71.4762736,75.23814455,73.37622853,77.25227118,79.55989607,94.25472866,81.15215848,84.22687815,79.51106047,69.26345365,77.53020714,82.80035729,66.04191239,70.17764062,93.83803993,84.46804869,91.0434349,67.30097179,85.48744457,78.39131671,85.38280569,89.19645757,82.18934011,72.89509695,89.73092017,79.21644056,83.89263654,72.02905232,76.37636512,82.37687349,94.81070973,88.10835879,93.19293623,96.78101996,84.84307958,79.8131782,86.2426227,81.9214445,83.25461352,77.92820277,71.10875829,69.08083159,87.31321842,77.84303226,65.68305314,71.62075666,70.37445417,77.64437673,71.03123195,89.63034925,70.92961735,80.41357048,81.22260896,82.17375044,70.02263012,72.95459107,74.8646466,75.83174765,78.22393687,79.07094806,95.09474952,80.21144146,84.51104343,81.12021143,71.06756251,78.59021281,84.0891851,69.96569242,70.77439509,94.04456284,89.90683582,89.73379485,76.46944038,83.75039966,80.40550683,85.7431553,84.16166657,83.96665101,70.58257954,91.73612955,78.49623582,80.99801592,64.61400926,73.56828194,78.05039937,81.43277723,89.27874417,91.01039107,93.99994018,82.99100241,82.91967259,89.77187676,86.67159763,85.45962922,77.79397405,73.31928821,70.18906573,83.45709198,82.53059766,65.90120752,73.53681743,72.17325722,72.99924473,70.50262489,90.5136546,76.51702539,81.05791506,80.38734615,77.06195015,66.39754617,70.0597512,75.6203745,71.07641763,76.30838279,80.0559677,93.43039934,82.11650076,83.94640557,77.96874551,67.57323505,76.50228354,81.55282238,62.53883381,69.59816143,93.65263158,79.70067454,92.41271959,0.73483661,0.307052181,0.475641574,0.295499561,0.166477652,0.46536555,0.188294523,0.21832531,0.447085768,0.298782812,0.216876963,0.280387087,0.20309274,0.004098721,0.181941234,0.102739037,0.047832709,0.268370003,0.276078506,0.387820747,0.532899248,0.497289786,0.584471047,0.731039429,0.895820302,0.209139868,0.701947046,0.605346878,0.888704126,0.601586522,0.344171893,0.645921147,0.247944975,0.817080713,0.435611781,0.420878926,0.250284971,0.609999531,0.486854551,0.52382982,0.401522685,0.466456304,0.52077535,0.117891929,0.532597916,0.414362034,0.289236757,0.196709173,0.404542916,0.240545976,0.313533842,0.376909157,0.00765465,0.00961022,0.021518472
15,AL-SelSampling-ARF-b0.2-,0.200176727,98.42101509,78.55742528,79.46294969,79.95396116,78.97795367,0.387751602,79.12793613,78.67749946,71.20567095,84.39646536,78.97348141,84.99100229,86.10667464,82.60594207,70.64174848,90.32934451,78.62134406,81.72675017,67.49522389,74.50644279,79.71108942,87.34543275,88.28000803,91.81178995,95.37766133,83.37968755,81.01416721,87.41355821,83.73147177,84.07410541,77.56307737,71.9892048,69.28934821,84.96832992,79.75684311,65.10035846,72.35586314,71.07840986,74.77648363,70.51134326,89.71516211,73.43803654,80.25723874,80.21570759,79.00310796,67.75216667,71.12207593,74.85419831,72.77716657,76.96039299,78.79784294,93.91639431,80.49505993,83.74524013,79.05955116,68.0581308,76.83555759,82.40096828,65.69854437,70.06311743,94.70212922,84.81705186,91.85540059,67.10679507,85.02048396,77.92562883,84.7063471,88.78650565,81.87511415,72.2588166,89.22421723,79.12741084,83.20753698,72.03126499,75.66056855,82.23395856,94.36917569,87.5477321,92.79499066,96.68696857,84.13244052,79.59002377,85.53027124,81.2168285,83.0255353,77.63271639,71.20560273,68.36658857,87.0913589,77.35206747,64.96280134,71.22117829,70.20844516,77.12477226,70.74421064,88.99024564,70.78041826,80.03340334,80.70987564,81.99899578,69.3710763,72.69132048,74.55285336,75.32334128,78.08730119,78.59481629,94.78751728,79.42711102,83.92029312,80.53174866,69.92073448,78.03630676,83.75385223,69.95937265,71.14394195,94.47519387,89.67337865,90.73640872,75.83989593,83.78493019,80.05339566,85.27983924,83.58464644,83.35188062,69.11126573,91.46491461,78.12321069,80.29928525,63.49863273,73.39392145,77.34240822,81.32973503,89.02903206,90.8517126,94.10402895,82.64326448,82.49930633,89.38432358,86.4088159,85.15326315,77.49738457,72.79711072,70.24027441,82.95027507,82.31734592,65.24450356,73.52905357,71.97345215,72.57154046,70.28853252,90.45463399,76.31172703,80.48690389,79.72922388,76.22281281,66.21672637,69.62092272,75.16272849,70.40149007,75.86942388,79.00478918,93.0616366,81.59379507,83.57227519,77.64269915,66.30615746,75.6740576,81.09431415,61.93076263,69.02360889,94.94035088,80.5143339,93.01089615,0.735240881,0.318806123,0.486722162,0.309934237,0.172420503,0.471967692,0.190472388,0.229720514,0.447288286,0.311303645,0.213051059,0.290980896,0.20323409,0.004509044,0.19112358,0.109056442,0.049323765,0.282115516,0.278620758,0.409543965,0.556806022,0.503811543,0.592309375,0.722542406,0.926576132,0.21209105,0.72000386,0.618792002,0.90606161,0.604738066,0.352422605,0.653212586,0.265035405,0.820991141,0.443158211,0.431576193,0.250504443,0.627476208,0.490255245,0.529356402,0.408899538,0.46748295,0.528889603,0.125165277,0.555603587,0.431307909,0.299113223,0.203836909,0.413438259,0.245226322,0.310653497,0.367155998,0.007149452,0.009970998,0.019288532
16,AL-FixedUncertainty-MOOB-b0.2-,0.200180016,93.5126098,43.1337179,46.82849243,47.94155926,45.76790135,1.04297765,43.83152469,42.63763603,41.07232312,40.0572476,43.81197223,35.3108676,53.26565734,40.09219618,39.57706533,84.79995959,37.85542561,44.5764662,34.75474183,34.30966307,51.50865508,74.3581627,54.34831952,64.46050852,86.08615463,36.00903747,47.25381301,49.73552947,47.1761786,39.82722769,39.9599187,36.70060387,31.2487499,37.89543726,43.20462691,28.11132768,33.97153083,32.0110807,41.19992245,35.41819499,53.67923511,38.11322131,43.26451181,45.75563147,39.71455741,29.69162033,35.11380273,35.34083292,35.68645835,40.85278328,42.4599106,73.94725252,46.12809355,57.38803997,41.87831309,37.09462609,38.52154781,42.09129011,31.62108483,34.76930732,72.01829205,71.46981579,80.60662567,49.41899957,38.48021926,49.4002369,26.23027104,52.29719254,35.68527711,45.63164508,97.2431488,34.68769225,36.11956748,32.56885155,31.3182788,64.38728025,69.36758627,45.72771594,56.87764713,83.00113529,31.28445806,47.03316816,44.86504775,38.62066012,36.03716419,48.74880006,36.53516757,42.04234447,33.57447384,51.29032995,37.32841076,44.66205666,39.24426181,60.03198949,42.64048706,46.72363431,37.15364558,44.4398537,42.92077554,51.72133461,38.8788979,43.00483254,39.89164649,43.65691608,50.70510082,52.14997556,65.69125566,46.84004088,73.77662119,43.32326852,36.47160944,42.56381431,40.2082406,35.86639305,32.95648908,76.91168399,82.52981194,86.01835242,35.26587219,41.83246296,39.49284841,55.98337634,54.82055739,46.16685334,35.00284648,75.32983807,41.79684021,58.59656252,38.0579512,38.37300559,42.98308771,82.92443572,72.1874053,76.1384292,89.5728771,43.97059942,47.61029412,55.88780096,60.83139419,44.73329167,33.91198215,36.92900944,24.97537106,43.64047094,37.40090706,22.65837311,27.62730442,27.48398775,31.56619766,30.3849151,63.58233667,39.19566336,42.24459981,49.29325603,32.36620235,24.08721392,29.701244,31.7888988,30.29542632,34.28892011,35.91830219,85.0016985,45.56632312,47.05230611,40.78653299,38.97375612,35.31318772,44.21081985,28.51143549,36.95069295,68.24210526,63.5623946,76.16410941,0.717668861,1.451478401,0.872978184,3.309566592,0.841403264,2.153134585,0.300726771,0.044385195,1.718014147,2.020491559,0.720310507,1.067074366,0.28865515,0.042236215,1.707930062,0.988987312,0.284947196,1.941933123,0.707197859,1.866202559,2.713282174,2.299121069,0.944437585,1.577709459,0.986007441,1.497280696,1.063194674,0.672008655,1.045483201,0.848587617,0.345806468,0.926215512,1.761278139,1.734492102,1.17384506,1.522918502,0.45877424,0.821357806,0.7367023,0.993616844,0.695693596,0.742412259,0.81714406,1.112559217,1.368430543,0.44797621,0.859623285,0.525002427,0.921822934,1.028765597,0.614397809,0.995474845,0.026748425,0.014927184,0.0253509
17,AL-VarUncertainty-MOOB-b0.2-,0.200179385,89.94363187,45.61734094,47.97426481,49.55258057,46.50592857,0.971631505,47.65461169,46.54501314,46.52324733,51.53205247,53.62505029,50.02550216,57.07893866,50.64380668,39.24735705,74.8182453,44.51802632,41.90790889,33.56409904,35.16184647,53.25954189,33.32172978,49.93176926,53.20175453,49.77502087,41.91246517,48.06517981,52.29199046,54.50030285,50.31139784,44.26082218,41.24465974,39.278165,50.19514644,50.16775708,34.3765523,42.91435801,43.44775775,46.84961806,40.30661312,52.02113562,48.04169623,52.95836468,51.62058189,48.43686271,39.16191309,43.93312479,43.99450362,40.94718614,46.46246586,48.9736774,63.16883273,47.67575713,57.95957348,46.92270184,36.37532039,46.2241202,53.05081946,32.33312595,35.01094512,39.87434721,38.65612297,42.52305228,48.63979994,45.40538765,59.87777835,42.37337789,52.05103595,50.23364548,40.54030321,90.39914224,39.46195068,35.30298118,28.88508234,29.26914933,67.92393592,26.88585907,47.14223717,48.69462345,50.68903871,37.8246025,48.57212774,48.70228388,50.53598125,49.51832762,52.64547277,42.45467248,46.51751926,53.46509775,57.91566751,41.73008588,51.57053349,44.94914701,64.70614449,41.66224744,46.96954072,47.84758204,53.65679913,48.07783275,57.47742636,46.05552835,48.51162012,44.04456033,42.57944704,55.07228498,52.18226582,65.42955095,44.28297915,73.63782683,49.67829941,39.83086866,44.96412334,50.54194412,34.9234141,31.23585556,47.46027699,81.66225455,82.72441047,44.69719144,59.70521155,48.61943259,62.29397392,63.39342791,52.70097915,38.32373964,63.93018317,51.33050578,52.02328305,40.21508204,44.62629105,44.01394983,48.58194308,53.65143342,60.11900885,51.42912691,49.332404,47.80660377,56.93545907,59.31404162,51.30317743,38.36169619,40.59346902,34.10823728,47.41568554,44.34207256,29.37772214,36.86842546,42.24125128,36.82172928,39.56935444,59.58140169,48.3789059,52.69143275,56.33201099,42.12762708,34.29570365,40.37320012,44.09340169,39.8308154,40.30221682,46.28622406,61.40220427,51.8212037,47.89143691,44.57096895,34.20855309,47.70226461,56.1737165,30.53235501,40.34333867,41.31929825,32.44097808,31.08072048,0.934822277,1.564401847,0.696737945,1.828649685,0.9636575,1.539712878,0.397873134,0.143253998,1.7395869,1.88267056,0.853299297,1.379662439,0.261196752,0.152816011,0.929566194,1.025240345,0.765117524,1.57433584,0.665001956,1.683102899,1.633504488,1.521975124,0.920131832,1.379213261,1.126062763,0.712916832,0.966183373,0.726022939,1.062162912,1.026369601,0.332024758,1.290635498,1.677647553,1.385220616,1.014716228,1.421455713,0.47923086,0.874468866,0.813211031,1.157763675,0.988718321,0.731349344,1.050708082,0.810909099,1.721222685,0.464528856,0.727160557,0.401621367,1.142562446,0.884896438,0.711299569,1.194631883,0.076298415,0.015608152,0.016593644
18,AL-RandVarUncertainty-MOOB-b0.2-,0.200180061,91.10014663,36.21076117,41.26333412,43.72424933,39.07326586,1.17027135,36.95570283,35.62924062,33.68695004,35.68192482,36.67986638,31.08991593,47.63552915,26.72146655,26.44385391,77.82205041,30.55120263,38.36619498,29.17196721,29.00099893,43.72602284,62.52583821,47.17666824,57.73562924,83.13698955,19.02117325,34.83644719,33.77203441,42.7217354,34.16585936,30.55583852,30.1137791,26.68327292,34.74824654,39.78957632,25.51944839,28.34328991,30.1628742,34.88838947,30.17121555,41.52548524,34.91737317,39.32876903,39.27181403,34.20679618,27.88882462,32.79584444,33.38678669,30.25755538,35.63387762,38.29906884,71.96304593,44.14703035,53.34264956,36.77201987,31.71747579,35.12198914,19.56477241,28.27916671,29.04636913,70.56103865,69.98487931,74.00066192,42.32127966,33.43276025,38.82056438,25.21925069,47.31047316,20.82501655,25.15612114,98.66338999,28.82775127,34.11244088,24.87098077,23.41707866,51.91209958,60.21501645,38.73252866,51.19480283,80.27656017,13.5717244,38.60027561,26.55799814,35.76468962,31.53387715,39.26894394,29.60205815,39.16817925,35.97572397,56.33883546,39.06169748,42.12471104,49.330742,62.93327878,44.56845964,34.56003075,41.3885347,49.46044009,45.05094998,48.26563242,38.55779838,42.53931406,38.68248593,39.10996596,49.29770579,48.78784767,63.95025747,43.60998669,76.55193369,42.37869313,45.38720527,44.25114423,12.58552202,38.37286095,26.3950656,68.25453226,69.1820528,88.50444339,28.06397658,38.58744538,35.01833466,41.40593245,48.21622834,37.54453156,27.96887849,64.34120874,32.6289895,44.12592929,35.71045435,38.4711065,37.97915026,65.22571148,63.29232075,67.37736463,86.28690216,33.55037384,31.88367092,46.77073187,53.24313543,37.32682786,25.28734831,30.75185283,20.31554306,34.2320674,30.93594682,19.12865451,21.46538994,21.78919521,24.25578338,22.846157,53.0977054,30.27875863,32.78639257,34.87010477,26.56494379,22.01132537,26.74062102,29.41618368,24.7462231,27.95138525,31.62268758,82.34430437,44.79228956,41.01090784,32.72701158,24.79633984,29.18052959,44.02970617,22.47404574,32.42008496,73.84561404,71.3237774,63.97153658,0.763806325,1.694316504,1.200173019,2.537685948,0.893794666,3.683020482,0.602233944,0.01809529,1.761914493,1.655445208,0.950641748,1.584228312,0.430670966,0.040419071,1.714656771,1.070386235,0.326632729,4.25097278,0.671378124,3.575600037,2.683420701,2.351610322,1.067367538,1.805749083,0.910447623,1.100309966,0.724629411,0.531914406,0.915327601,0.442484096,0.234586691,0.637538064,2.535397159,1.118655146,0.742321888,0.965039011,0.427417176,0.772793075,0.679923101,0.964705742,0.681879763,0.638799294,0.820564231,1.139045096,1.529830856,0.338024637,0.722139944,0.229621073,0.715393122,4.799371928,0.427398651,1.189301191,0.043880046,0.034806044,0.017157901
19,AL-SelSampling-MOOB-b0.2-,0.200179791,92.92323423,41.71486846,45.40891774,46.5744874,44.31066785,1.072555164,42.23499563,41.0081633,40.07077041,39.69031831,44.30491171,34.61025535,49.33066003,37.94526823,35.94568745,85.66647864,35.72953612,43.27030125,33.07469855,32.75129336,52.33137704,58.97570297,50.66343453,65.46952703,81.16916988,27.58065645,45.30385735,42.80742523,45.91769647,38.78101309,36.75105038,35.95285179,30.61938803,36.93670917,43.30852284,28.9406494,32.96850693,31.34317299,41.2601371,34.88797542,51.57768199,38.46916933,44.67492957,43.74283613,39.51841532,28.37896913,33.34164071,34.9872772,33.80957512,40.73235711,43.45383285,73.10539555,46.08844193,59.33169405,38.35428873,35.80128696,38.22508284,32.04503105,32.2461161,34.28839605,74.7153773,73.9909079,80.40094355,46.13299665,38.82389987,48.21954054,26.4026004,48.04277265,31.92772476,37.26336107,97.96266362,31.91632301,36.8227766,32.12018567,30.42589362,59.27238304,50.23931969,42.98291912,59.61810297,79.08805113,21.78814965,45.58475588,36.52781784,37.88365802,37.49556561,44.70785264,35.65426348,42.82003014,33.26390299,50.99302768,39.48087196,41.4391398,42.6735847,59.41469722,44.5416082,44.98813809,39.80255197,51.14704332,45.9122876,51.25681558,38.12204162,41.66586813,42.88038067,41.95098803,52.15022627,52.93845124,66.88114559,45.86466149,74.00296129,39.55832621,38.15741083,42.55087543,26.1045306,38.25000524,33.62408587,75.29672356,78.94247598,88.01837226,35.71491625,41.11584781,41.07327429,51.82974448,51.28665956,47.40849803,34.89341514,76.27444474,40.60735871,52.78607798,34.2185528,36.5709103,47.00753741,79.4013739,63.39747864,72.85769265,83.47441151,39.50525916,45.50534129,52.83351276,58.50757928,40.26839078,31.59366718,36.3212445,23.97476956,41.89385282,37.74353877,22.97916178,27.49699341,25.11278195,31.6691376,28.79952424,61.1831392,37.59320049,40.12647396,42.05635235,32.28677908,22.72237833,27.86977177,29.72559073,28.4375,33.46657998,36.98056156,81.04099041,46.46909846,49.58533024,37.38789463,34.23524179,34.89528858,44.62265536,28.13324487,35.13371405,74.23157895,70.45531197,74.32510563,0.837420455,1.442757289,0.947311991,3.061626555,0.93560523,2.68829157,0.428345086,0.033169334,1.882817649,1.763775442,0.629229453,1.119956767,0.397011403,0.100348775,1.389145351,0.770618255,0.341904618,2.875307061,0.715920019,2.634385517,2.697784213,1.953342783,1.07828108,1.610271383,0.926515899,1.464286107,1.091161394,0.62820313,1.188103322,0.687142207,0.354950015,0.812177948,1.84986615,1.49962606,0.870859823,1.130284597,0.461659382,0.798704388,0.734600386,0.831024077,0.706875786,0.677006172,0.814610087,0.998479335,1.456102675,0.469104196,0.915399233,0.404479721,0.927802148,2.414678625,0.541304478,0.927508517,0.031421505,0.021146092,0.020823308
20,AL-FixedUncertainty-MUOB-b0.2-,0.200180376,,,,,1.818181818,1.818181818,1.939226139,,3.804671101,,,,,,,,,,,,,,,,,,,,,,,,,,,,,,,,,,,,,,,,,,,,,,,,,,,,,,,1.939226139,,,,,,,,,,,,,,,,,,,,,,,,,,,,,,,,,,,,,,,,,,,,,,,,,,,,,,,,,,,,,,,,,,,,,,,,,,,,,,,,,,,,,,,,,,,,,,,,,,,,,,,,,,,,,,,,,,,,,,,,,,,,,,,,,,,,,,,,,,,,,,,,,,,,,,,,,,,,,,,,,,,,
21,AL-VarUncertainty-MUOB-b0.2-,0.200180376,,,,,1.818181818,1.818181818,1.939226139,,3.804671101,,,,,,,,,,,,,,,,,,,,,,,,,,,,,,,,,,,,,,,,,,,,,,,,,,,,,,,1.939226139,,,,,,,,,,,,,,,,,,,,,,,,,,,,,,,,,,,,,,,,,,,,,,,,,,,,,,,,,,,,,,,,,,,,,,,,,,,,,,,,,,,,,,,,,,,,,,,,,,,,,,,,,,,,,,,,,,,,,,,,,,,,,,,,,,,,,,,,,,,,,,,,,,,,,,,,,,,,,,,,,,,,
22,AL-RandVarUncertainty-MUOB-b0.2-,0.200180376,,,,,1.818181818,1.818181818,1.939226139,,3.804671101,,,,,,,,,,,,,,,,,,,,,,,,,,,,,,,,,,,,,,,,,,,,,,,,,,,,,,,1.939226139,,,,,,,,,,,,,,,,,,,,,,,,,,,,,,,,,,,,,,,,,,,,,,,,,,,,,,,,,,,,,,,,,,,,,,,,,,,,,,,,,,,,,,,,,,,,,,,,,,,,,,,,,,,,,,,,,,,,,,,,,,,,,,,,,,,,,,,,,,,,,,,,,,,,,,,,,,,,,,,,,,,,
23,AL-SelSampling-MUOB-b0.2-,0.200180376,,,,,1.818181818,1.818181818,1.939226139,,3.804671101,,,,,,,,,,,,,,,,,,,,,,,,,,,,,,,,,,,,,,,,,,,,,,,,,,,,,,,1.939226139,,,,,,,,,,,,,,,,,,,,,,,,,,,,,,,,,,,,,,,,,,,,,,,,,,,,,,,,,,,,,,,,,,,,,,,,,,,,,,,,,,,,,,,,,,,,,,,,,,,,,,,,,,,,,,,,,,,,,,,,,,,,,,,,,,,,,,,,,,,,,,,,,,,,,,,,,,,,,,,,,,,,
24,OALDI-b0.2-,0.244084272,88.2203404,71.56087877,73.0707132,74.09136778,72.0778649,0.517697396,72.13840598,71.53213301,67.22493263,76.34841018,73.28882923,74.94863303,76.56731493,76.74788781,60.35967579,83.92061274,71.95104808,71.04428881,63.02753297,64.44550405,66.26677111,85.51919732,76.77942583,75.65258037,92.54947064,73.99793006,75.93983236,79.08181693,75.62800546,78.76871417,71.34483909,65.23401019,66.35714356,73.23656005,75.82898812,61.23419402,68.22992869,65.35805155,65.99467681,67.16980587,78.34419324,70.11738281,72.89437488,70.82642932,69.25872733,59.9786626,64.46027205,66.31327319,68.52048335,73.10380846,72.67880126,86.68034802,77.18229214,77.50427601,67.33588345,63.83204929,68.66736014,69.62193343,62.04874494,68.04381109,92.36274718,91.10691767,94.31490896,67.42007802,80.24523348,77.07220503,78.97242938,81.8719415,79.57780196,64.37374024,90.62686784,74.67735421,67.99060729,69.5085957,64.26586772,78.79061453,94.62602418,74.6518466,75.25923693,96.41419876,77.37860031,74.307734,79.11807188,71.63657828,81.3317851,69.75708769,61.81739025,61.31142116,82.58533646,74.22347006,59.88101958,61.98204784,61.40912327,71.23168424,66.51961656,74.17933641,66.65696819,74.45539922,67.88928857,81.26538284,56.61423674,63.48128941,63.66764722,73.14293045,72.44686523,69.56153866,89.37185814,74.45977661,77.42090715,65.33945547,64.33381458,71.04877616,78.55089579,69.97895979,71.73434821,89.85535291,93.81896947,94.91562082,67.03997956,72.83640627,69.86511698,71.3191606,71.90966186,74.11551107,56.83914226,78.14153615,69.41978581,74.391031,57.68615902,64.65257469,57.19053512,78.06673209,79.04782108,76.06619497,88.98423713,70.9172475,77.65642342,79.05008459,80.10421515,76.36735086,73.01314688,69.05853805,72.31089363,65.80062189,77.51366799,62.66828365,75.89094064,69.85983477,61.48675487,67.83795423,83.06128014,73.95815959,71.40060524,74.04007731,60.39039589,63.77748225,65.48511118,69.20240749,64.44950331,73.77865397,76.09522021,84.15131728,80.11695804,77.59443442,69.48206027,63.36468196,66.45448307,62.53383039,55.73803762,64.72595585,95.07017544,88.57504216,93.72915277,0.640944598,0.388298891,0.446163899,0.382323611,0.260002005,0.486571871,0.226071396,0.168049374,0.511081408,0.672920196,0.219185228,0.443868314,0.187266088,0.004157339,0.405614584,0.386999411,0.050659312,0.375453827,0.353674238,0.565132176,0.884490417,0.507278689,0.839741571,1.046897017,1.300696385,0.239664445,0.804340131,0.738615423,1.420486567,0.869555031,0.406619983,0.767158029,0.688048919,0.963865056,0.540571153,0.793698472,0.209037949,1.048623631,0.706582523,0.814922506,0.419522389,0.616097991,0.818750294,0.245083221,0.722662851,0.609810935,0.587851123,0.251163078,0.525931967,0.266834604,0.279357081,0.334560275,0.013933539,0.006254986,0.010210779
25,OALE-b0.2-,0.232963421,98.32027013,71.51491769,72.70660482,73.23817655,72.18290307,0.523317764,71.82577913,71.21984776,60.75352209,78.79444318,72.26296183,78.49172756,83.70865065,76.43462664,66.46148954,92.7941705,72.07605976,72.49315386,60.83516741,65.62875374,73.61682949,90.18305053,79.71405371,82.29917955,95.26046793,76.12893854,76.5490451,82.48823839,76.59249896,75.95886268,67.25191401,61.25168302,58.0384216,74.83637539,70.23908063,51.20607117,62.61503818,59.49997755,65.55223241,61.15148498,85.7510543,67.71772219,76.18409412,76.72488187,69.50861184,57.22594995,61.36497558,64.52116132,64.24854326,68.30028114,72.85337497,94.1622118,73.81252532,80.73775229,70.27280992,64.19895568,70.65978009,76.01305012,58.51310962,64.70138049,90.05103992,75.03164776,85.25446878,55.42336358,83.71155984,73.76122754,80.23809774,87.39446824,79.36385419,71.70835032,98.45944081,74.99525184,68.59263553,62.68729242,64.32469544,81.09562026,93.46150374,74.29194951,76.05713175,95.01427945,76.62911567,75.85694548,83.35332533,71.79415222,79.94422125,67.408515,58.31180912,54.67576624,80.974356,69.86115634,48.59450053,62.17512682,55.79640336,69.79793424,60.82924011,83.43031144,65.14233365,80.17571516,76.90553939,77.85343842,55.61719843,59.98198915,63.54042255,69.18321473,67.00197071,73.58468604,95.01724227,74.27243909,84.68782163,68.73016766,63.10742532,73.27217556,78.91509855,61.66946831,66.30764643,86.92877301,79.9872454,86.20409751,67.22117685,74.42971331,70.82859777,76.84241774,80.35131498,73.72150161,61.95774559,87.74820812,69.38988442,76.90316258,59.14177535,67.01699182,67.42003225,87.61040236,86.46584641,90.22410373,95.52747286,75.68673172,77.2759434,81.64761368,82.09161625,72.37241424,67.10419863,64.51224559,61.86285826,69.5806203,70.62639786,54.12487286,63.09884456,63.77471456,61.81991105,61.51648757,88.34274806,70.52238409,72.64718773,76.55762384,62.79356061,58.94146415,62.82397884,65.54168524,59.98318502,69.65583776,72.14104611,93.3296218,73.37525062,77.15073435,71.89250524,65.44576476,68.23469557,73.33930196,55.67285926,63.20635142,93.46315789,70.73777403,84.36513231,1.069343555,0.312947561,0.540749228,0.381680231,0.190157486,0.490272582,0.175635687,0.028538595,0.502520427,0.678113105,0.304909108,0.458703296,0.191579546,0.006763566,0.470650104,0.461015067,0.077187301,0.419749508,0.323870101,0.441696178,0.899525337,0.526213571,0.860916617,1.132231874,1.462537472,0.282154143,0.910416954,1.006486482,1.172899856,1.001506401,0.438528535,0.89170669,0.422842887,0.983870177,0.400025232,0.521157737,0.267797009,1.009745157,0.786069729,0.77616287,0.473649873,0.753217361,0.636641161,0.11996871,0.668639286,0.376117003,0.52130168,0.274288519,0.483338109,0.305928987,0.404150797,0.42168606,0.018205167,0.019085149,0.027382222
26,CALF-MID-b0.2-,0.199869358,98.70751106,89.93960304,90.29591112,90.55656456,90.03675985,0.184012069,90.09256227,89.87996131,80.30716627,93.8617222,90.58679636,93.99894517,95.81397447,92.66123893,89.59311792,98.06419596,90.30428501,90.94580845,83.92725585,86.62510498,91.74710838,94.10523198,95.7905334,97.54714604,98.61095051,93.38888724,94.28370351,95.09164296,93.2714724,92.29698254,89.03813141,85.42005654,83.53732202,92.7350501,89.78145033,78.37558031,85.50332105,83.8347512,88.4071436,82.9246248,96.93990185,87.49569704,92.43840431,91.84464541,90.40351313,81.72206142,85.53663562,86.46908965,85.49924016,88.94020144,91.37341305,98.21532868,91.78348698,94.53754723,89.83165186,86.13380403,89.99601687,93.01679202,82.44106744,86.42609479,96.68644501,90.06339822,94.16169783,73.21748076,95.77094361,90.89275146,94.89249261,97.4766231,93.43699834,90.9134625,99.40395842,91.64435149,90.32036723,85.19054255,85.757626,93.44570573,98.92485797,96.01817238,98.23756482,99.61488956,94.28227445,94.43312117,95.74475664,92.25088608,93.72421577,89.45797427,84.19707046,81.47059624,94.58752688,89.05632693,75.37952363,85.57154391,81.86773026,89.31006232,81.95406349,97.50774556,86.31287057,94.10932962,92.87657878,93.02217906,80.9642654,85.1607337,86.42880627,87.77393979,88.89298703,91.0106073,99.22352896,91.71619565,95.03826219,89.16641287,84.91893074,90.80536974,94.2010048,83.35926489,86.542474,96.57529309,93.08010973,93.47770006,88.91885613,92.02770969,90.28306135,93.12218848,94.20736836,91.8988691,88.31235372,96.76024246,89.00371117,91.58200464,82.70298696,87.5119387,90.11024862,89.73994112,95.56427662,96.86669232,97.62719469,92.51298948,94.13568257,94.44780506,94.31570374,90.91316957,88.62323895,86.67977127,85.71277616,90.95489941,90.51907306,81.62376444,85.43591773,85.89923884,87.52440628,83.920105,96.37870583,88.71231613,90.82688093,90.83613061,87.9291911,82.49565646,85.91708297,86.51025412,83.34178394,88.98848598,91.73969387,97.22748547,91.85127862,94.04225715,90.50874724,87.38895596,89.20159019,91.86250624,81.54593709,86.31067623,96.80350877,87.27234401,94.87213698,0.64328294,0.087754178,0.194126552,0.100872698,0.039828088,0.165095135,0.063325944,0.012061994,0.176153707,0.188574682,0.124246463,0.179077796,0.076862538,0.0008973,0.059804143,0.026856979,0.005772125,0.101538837,0.073040675,0.113668647,0.220735966,0.176119893,0.277018994,0.399198575,0.555648222,0.089754447,0.33229734,0.468713614,0.439326795,0.376660016,0.171506748,0.415100788,0.058322362,0.366484766,0.125453062,0.15779159,0.098734972,0.416150143,0.280600854,0.280209642,0.205772467,0.244106915,0.222708093,0.018607957,0.218086914,0.132231489,0.17525007,0.110876898,0.17529841,0.088148797,0.19012561,0.175926539,0.004420482,0.006967522,0.013465408
